index	leiden	leiden_r0_3	leiden_r0_5	leiden_r0_8	leiden_r1_0
AAACATACAACCAC-1	0	0	0	0	0
AAACATTGAGCTAC-1	2	1	2	1	4
AAACATTGATCAGC-1	0	0	0	0	0
AAACCGTGCTTCCG-1	3	2	3	2	5
AAACCGTGTATGCG-1	1	3	1	3	2
AAACGCACTGGTAC-1	0	0	0	0	0
AAACGCTGACCAGT-1	0	0	0	0	1
AAACGCTGGTTCTT-1	0	0	0	3	1
AAACGCTGTAGCCA-1	1	3	1	3	1
AAACGCTGTTTCTG-1	3	2	3	2	6
AAACTTGAAAAACG-1	2	1	2	1	4
AAACTTGATCCAGA-1	0	0	0	0	3
AAAGAGACGAGATA-1	0	0	0	0	0
AAAGAGACGCGAGA-1	3	2	3	4	6
AAAGAGACGGACTT-1	1	3	1	3	1
AAAGAGACGGCATT-1	0	0	0	5	3
AAAGCAGATATCGG-1	3	2	3	2	5
AAAGCCTGTATGCG-1	0	0	0	0	0
AAAGGCCTGTCTAG-1	2	1	2	1	4
AAAGTTTGATCACG-1	2	1	2	1	4
AAAGTTTGGGGTGA-1	2	1	2	1	4
AAAGTTTGTAGAGA-1	0	0	0	5	3
AAAGTTTGTAGCGT-1	3	2	3	4	6
AAATCAACAATGCC-1	2	1	2	1	4
AAATCAACACCAGT-1	0	0	0	5	3
AAATCAACCAGGAG-1	0	0	0	0	3
AAATCAACCCTATT-1	3	2	3	2	5
AAATCAACGGAAGC-1	0	0	0	0	3
AAATCAACTCGCAA-1	0	0	0	0	0
AAATCATGACCACA-1	3	2	3	2	5
AAATCCCTCCACAA-1	1	3	1	3	1
AAATCCCTGCTATG-1	2	1	2	1	4
AAATGTTGAACGAA-1	3	2	3	4	6
AAATGTTGCCACAA-1	0	0	0	0	0
AAATGTTGTGGCAT-1	3	2	3	4	6
AAATTCGAAGGTTC-1	0	0	0	0	3
AAATTCGAATCACG-1	3	2	3	4	6
AAATTCGAGCTGAT-1	3	2	3	2	5
AAATTCGAGGAGTG-1	0	0	0	0	3
AAATTCGATTCTCA-1	1	3	1	3	2
AAATTGACACGACT-1	1	3	1	3	1
AAATTGACTCGCTC-1	0	0	0	0	0
AACAAACTCATTTC-1	0	0	0	0	3
AACAAACTTTCGTT-1	0	0	0	0	3
AACAATACGACGAG-1	0	0	0	0	0
AACACGTGCAGAGG-1	0	0	0	0	0
AACACGTGGAAAGT-1	0	0	0	0	3
AACACGTGGAACCT-1	3	2	3	4	6
AACACGTGGCTACA-1	0	0	0	0	3
AACACGTGTACGAC-1	3	2	3	2	5
AACAGCACAAGAGT-1	3	2	3	4	6
AACATTGATGGGAG-1	3	2	3	2	5
AACCAGTGATACCG-1	3	2	3	2	5
AACCCAGATCGCTC-1	0	0	0	0	3
AACCGATGCTCCCA-1	0	0	0	0	0
AACCGATGGTCATG-1	2	1	2	1	4
AACCGATGTTCTAC-1	3	2	3	4	6
AACCGCCTAGCGTT-1	0	0	0	0	0
AACCGCCTCTACGA-1	3	2	3	2	5
AACCTACTGTGAGG-1	3	2	3	2	5
AACCTACTGTGTTG-1	0	0	0	0	3
AACCTTACGAGACG-1	0	0	0	0	3
AACCTTACGCGAGA-1	1	3	1	3	2
AACCTTACTAACGC-1	3	2	3	2	5
AACCTTTGGACGGA-1	0	0	0	0	0
AACCTTTGTACGCA-1	3	2	3	2	5
AACGCAACAAGTAG-1	0	0	0	0	0
AACGCATGACCCAA-1	0	0	0	0	3
AACGCATGCCTTCG-1	0	0	0	0	3
AACGCATGTACTTC-1	0	0	0	0	0
AACGCCCTCGGGAA-1	0	0	0	0	0
AACGCCCTCGTACA-1	1	3	1	3	2
AACGCCCTGGCATT-1	0	0	0	0	0
AACGTCGAGTATCG-1	1	3	1	3	2
AACGTGTGAAAGCA-1	0	0	0	0	0
AACGTGTGGCGGAA-1	2	1	2	1	4
AACGTGTGTCCAAG-1	0	0	0	0	3
AACGTGTGTGCTTT-1	0	0	0	0	0
AACTACCTTAGAGA-1	0	0	0	0	3
AACTCACTCAAGCT-1	3	2	3	4	6
AACTCACTTGGAGG-1	3	2	3	4	6
AACTCGGAAAGTGA-1	1	3	1	3	1
AACTCGGAAGGTCT-1	3	2	3	4	6
AACTCTTGCAGGAG-1	0	0	0	0	0
AACTGTCTCCCTTG-1	3	2	3	4	6
AACTTGCTACGCTA-1	2	1	2	1	4
AACTTGCTGGGACA-1	0	0	0	0	3
AAGAACGAGTGTTG-1	0	0	0	5	3
AAGAAGACGTAGGG-1	2	1	2	1	4
AAGACAGAAGTCTG-1	2	1	2	1	4
AAGACAGAGGATCT-1	0	0	0	0	0
AAGACAGATTACCT-1	3	2	3	4	6
AAGAGATGGGTAGG-1	2	1	2	1	4
AAGATGGAAAACAG-1	2	1	2	1	4
AAGATGGAGAACTC-1	3	2	3	4	6
AAGATGGAGATAAG-1	3	2	3	4	6
AAGATTACAACCTG-1	0	0	0	0	3
AAGATTACAGATCC-1	3	2	3	4	6
AAGATTACCCGTTC-1	3	2	3	4	6
AAGATTACCGCCTT-1	4	4	4	6	7
AAGATTACCTCAAG-1	1	3	1	3	2
AAGATTACTCCTCG-1	3	2	3	4	6
AAGCAAGAGCGAGA-1	0	0	0	0	0
AAGCAAGAGCTTAG-1	1	3	1	3	1
AAGCAAGAGGTGTT-1	1	3	1	3	2
AAGCACTGAGCAAA-1	2	1	2	1	4
AAGCACTGCATACG-1	1	3	1	3	1
AAGCACTGGTTCTT-1	2	1	2	1	4
AAGCCAACGTGTTG-1	0	0	0	0	3
AAGCCATGAACTGC-1	4	4	4	6	7
AAGCCATGACACGT-1	3	2	3	4	6
AAGCCATGCGTGAT-1	0	0	0	0	0
AAGCCATGTCTCGC-1	0	0	0	0	3
AAGCCTGACATGCA-1	0	0	0	0	0
AAGCCTGACCGAAT-1	3	2	3	4	6
AAGCGACTCCTCAC-1	3	2	3	2	5
AAGCGACTGTGTCA-1	0	0	0	0	3
AAGCGACTTACAGC-1	2	1	2	1	4
AAGCGACTTTGACG-1	3	2	3	2	5
AAGCGTACGTCTTT-1	0	0	0	0	3
AAGGCTTGCGAACT-1	1	3	1	3	1
AAGGTCACGGTTAC-1	3	2	3	4	6
AAGGTCACTGTTTC-1	2	1	2	1	4
AAGGTCACTTCCCG-1	1	3	1	3	1
AAGGTCTGACAGTC-1	0	0	0	0	0
AAGGTCTGCAGATC-1	0	0	0	5	3
AAGTAACTCTGAAC-1	3	2	3	4	6
AAGTAACTGAGATA-1	2	1	2	1	4
AAGTAGGATACAGC-1	1	3	1	3	2
AAGTATACCGAACT-1	0	0	0	0	3
AAGTCCGACTTGTT-1	0	0	0	0	3
AAGTCCGATAGAAG-1	0	0	0	0	3
AAGTCTCTAGTCGT-1	0	0	0	0	0
AAGTCTCTCGGAGA-1	1	3	1	3	1
AAGTGGCTTGGAGG-1	2	1	2	1	4
AAGTTCCTCATTCT-1	3	2	3	2	5
AAGTTCCTTCTTAC-1	0	0	0	0	0
AATAAGCTCGAATC-1	0	0	0	0	0
AATAAGCTCGTTGA-1	0	0	0	0	0
AATACCCTGGACGA-1	2	1	2	1	4
AATACCCTGGCATT-1	0	0	0	0	0
AATACTGAAAGGGC-1	1	3	1	3	1
AATACTGAATTGGC-1	1	3	1	3	2
AATAGGGAACCCTC-1	2	1	2	1	4
AATAGGGAGAATGA-1	1	3	1	3	1
AATCAAACTATCGG-1	1	3	1	3	1
AATCCGGAATGCTG-1	2	1	2	1	4
AATCCTACCGGTAT-1	0	0	0	0	3
AATCCTTGACGGGA-1	3	2	3	4	6
AATCCTTGGTGAGG-1	1	3	1	3	2
AATCGGTGGAACTC-1	1	3	1	3	1
AATCGGTGTGCTTT-1	0	0	0	0	0
AATCTAGAAAAGTG-1	0	0	0	0	0
AATCTAGAATCGGT-1	0	0	0	0	0
AATCTCACAGCCTA-1	3	2	3	4	6
AATCTCACTCTAGG-1	0	0	0	0	0
AATCTCTGAACAGA-1	0	0	0	0	3
AATCTCTGCTTTAC-1	1	3	1	3	2
AATGATACACCAAC-1	1	3	1	3	1
AATGATACGGTCAT-1	3	2	3	2	5
AATGCGTGACACCA-1	2	1	2	1	4
AATGCGTGGACGGA-1	4	4	4	6	7
AATGCGTGGCTATG-1	2	1	2	1	4
AATGGAGAATCGTG-1	3	2	3	4	6
AATGGAGATCCTTA-1	1	3	1	3	1
AATGGCTGACACCA-1	2	1	2	1	4
AATGGCTGCGTGAT-1	0	0	0	0	0
AATGGCTGTAAAGG-1	0	0	0	0	3
AATGGCTGTACTCT-1	1	3	1	3	1
AATGGCTGTGAAGA-1	0	0	0	0	3
AATGTAACGGTGGA-1	0	0	0	0	0
AATGTCCTCTTCTA-1	0	0	0	0	0
AATGTTGACAGTCA-1	0	0	0	0	0
AATGTTGAGTTGAC-1	3	2	3	4	6
AATGTTGATCTACT-1	0	0	0	0	0
AATTACGAATTCCT-1	4	4	4	6	7
AATTACGACTTCTA-1	0	0	0	0	0
AATTACGAGTGAGG-1	0	0	0	0	0
AATTACGATTGGCA-1	2	1	2	1	4
AATTCCTGCTCAGA-1	2	1	2	1	4
AATTGATGTCGCAA-1	3	2	3	2	5
AATTGTGACTTGGA-1	2	1	2	1	4
ACAAAGGAGGGTGA-1	0	0	0	0	3
ACAAATTGATTCTC-1	3	2	3	2	5
ACAAATTGCTCAGA-1	3	2	3	4	6
ACAAATTGTTGCGA-1	1	3	1	3	2
ACAACCGAGGGATG-1	1	3	1	3	2
ACAACCGAGTTACG-1	0	0	0	0	0
ACAAGAGAAGTCGT-1	3	2	3	4	6
ACAAGAGACTTATC-1	0	0	0	5	3
ACAAGAGAGTTGAC-1	2	1	2	1	4
ACAATCCTAACCGT-1	0	0	0	0	0
ACAATCCTTAGCGT-1	2	1	2	1	4
ACAATTGACTGACA-1	1	3	1	3	1
ACAATTGATGACTG-1	1	3	1	3	2
ACACAGACCATACG-1	1	3	1	3	1
ACACCAGAGGGCAA-1	0	0	0	0	1
ACACCCTGGTGTTG-1	1	3	1	3	2
ACACGAACAGTTCG-1	0	0	0	0	1
ACACGATGACGCAT-1	1	3	1	3	1
ACACGATGATGTGC-1	3	2	3	4	6
ACACGATGTCGTAG-1	1	3	1	3	1
ACACGATGTGGTCA-1	1	3	1	3	1
ACAGACACGGCATT-1	0	0	0	0	0
ACAGACACGTTGTG-1	0	0	0	0	3
ACAGCAACACCTAG-1	3	2	3	4	6
ACAGCAACCTCAAG-1	3	2	3	2	5
ACAGGTACCCCACT-1	0	0	0	0	0
ACAGGTACGCTGTA-1	1	3	1	3	1
ACAGGTACTGGTGT-1	1	3	1	3	2
ACAGTCGACCCAAA-1	0	0	0	0	0
ACAGTCGACCGATA-1	1	3	1	3	1
ACAGTGACTCACCC-1	0	0	0	3	0
ACAGTGACTCTATC-1	1	3	1	3	1
ACAGTGTGGTCACA-1	0	0	0	5	3
ACAGTGTGTTGCGA-1	3	2	3	4	6
ACATCACTCTACTT-1	3	2	3	4	6
ACATGGTGAAGCCT-1	0	0	0	0	3
ACATGGTGCAACCA-1	2	1	2	1	4
ACATGGTGCGAGTT-1	0	0	0	0	3
ACATTCTGGCATAC-1	0	0	0	0	0
ACATTCTGGGAACG-1	3	2	3	4	6
ACCAACGACATGCA-1	0	0	0	0	3
ACCACAGAAAGTAG-1	0	0	0	5	3
ACCACAGAGTTGGT-1	0	0	0	0	3
ACCACCTGTGTGCA-1	0	0	0	0	3
ACCACGCTACAGCT-1	0	0	0	0	0
ACCACGCTACCCAA-1	1	3	1	3	1
ACCACGCTGCGAGA-1	0	0	0	0	3
ACCACGCTGCTGTA-1	0	0	0	0	3
ACCAGCCTGACAGG-1	0	0	0	0	0
ACCAGTGAACGGTT-1	2	1	2	1	4
ACCAGTGAATACCG-1	3	2	3	2	5
ACCAGTGAGGGATG-1	0	0	0	0	3
ACCAGTGATGACTG-1	3	2	3	4	6
ACCATTACCTTCTA-1	0	0	0	0	0
ACCATTACGAGATA-1	0	0	0	0	0
ACCATTTGTCATTC-1	0	0	0	0	0
ACCCAAGAACTGTG-1	1	3	1	3	1
ACCCAAGAATTCCT-1	3	2	3	2	5
ACCCAAGAGGACAG-1	0	0	0	0	0
ACCCAAGATTCACT-1	2	1	2	1	4
ACCCACTGCGCCTT-1	3	2	3	4	6
ACCCACTGGACAGG-1	0	0	0	5	3
ACCCACTGGTTCAG-1	5	5	5	7	8
ACCCACTGTCGTAG-1	3	2	3	4	6
ACCCAGCTCAGAAA-1	0	0	0	0	0
ACCCAGCTGTTAGC-1	3	2	3	4	6
ACCCAGCTTGCTTT-1	0	0	0	0	0
ACCCGTTGATGACC-1	2	1	2	1	4
ACCCGTTGCTGCAA-1	0	0	0	0	3
ACCCGTTGCTTCTA-1	4	4	4	6	7
ACCCTCGACCTATT-1	0	0	0	0	3
ACCCTCGACGGTAT-1	2	1	2	1	4
ACCCTCGATAAGGA-1	3	2	3	2	5
ACCCTCGATCAAGC-1	3	2	3	2	6
ACCGTGCTACCAGT-1	0	0	0	0	0
ACCGTGCTGGAACG-1	2	1	2	1	4
ACCTATTGCTGAGT-1	2	1	2	1	4
ACCTATTGTGCCCT-1	3	2	3	2	5
ACCTCCGAGTCCTC-1	0	0	0	0	0
ACCTCCGATATGCG-1	0	0	0	0	0
ACCTCCGATGCTGA-1	0	0	0	0	0
ACCTCGTGAACCAC-1	1	3	1	3	1
ACCTGAGATATCGG-1	3	2	3	4	6
ACCTGGCTAAGTAG-1	1	3	1	3	2
ACCTTTGACTCCCA-1	3	2	3	2	5
ACCTTTGAGGAACG-1	3	2	3	4	6
ACCTTTGAGGAAGC-1	3	2	3	2	5
ACGAACACCTTGTT-1	1	3	1	3	2
ACGAACTGGCTATG-1	5	5	5	7	8
ACGAAGCTCTCCAC-1	0	0	0	5	3
ACGAAGCTCTGAGT-1	2	1	2	1	4
ACGACCCTATCTCT-1	3	2	3	2	5
ACGACCCTGATGAA-1	0	0	0	3	1
ACGACCCTTGACAC-1	2	1	2	1	4
ACGACCCTTGACCA-1	0	0	0	0	3
ACGAGGGACAGGAG-1	4	4	4	6	7
ACGAGGGACGAACT-1	0	0	0	0	3
ACGAGGGATGTAGC-1	0	0	0	0	0
ACGAGTACCCTAAG-1	2	1	2	1	4
ACGAGTACGAATCC-1	2	1	2	1	4
ACGATCGAGGACTT-1	1	3	1	3	2
ACGATCGAGTCACA-1	3	2	3	4	6
ACGATGACAATGCC-1	0	0	0	0	0
ACGATGACTGGTCA-1	0	0	0	0	0
ACGATTCTACGGGA-1	1	3	1	3	1
ACGCAATGGTTCAG-1	1	3	1	3	2
ACGCACCTGTTAGC-1	2	1	2	1	4
ACGCCACTGAACTC-1	3	2	3	4	6
ACGCCGGAAACCAC-1	3	2	3	4	6
ACGCCGGAAAGCCT-1	0	0	0	0	3
ACGCCGGAAATGCC-1	0	0	0	0	3
ACGCCTTGCTCCCA-1	3	2	3	2	5
ACGCGGTGGCGAGA-1	0	0	0	0	0
ACGCGGTGTGTGGT-1	2	1	2	1	4
ACGCGGTGTTTGCT-1	1	3	1	3	1
ACGCTCACAGTACC-1	0	0	0	0	3
ACGCTCACCCTTGC-1	0	0	0	0	3
ACGCTGCTGTTCTT-1	1	3	1	3	2
ACGGAACTCAGATC-1	1	3	1	3	2
ACGGAACTGTCGTA-1	3	2	3	2	5
ACGGAGGACTCTTA-1	3	2	3	4	6
ACGGATTGGGAGGT-1	2	1	2	1	4
ACGGATTGGTTAGC-1	0	0	0	0	0
ACGGCTCTGAGCAG-1	0	0	0	0	0
ACGGCTCTTGCACA-1	0	0	0	0	3
ACGGTAACCGCTAA-1	0	0	0	0	0
ACGGTAACCTTCGC-1	1	3	1	3	1
ACGGTAACGGTGGA-1	0	0	0	5	3
ACGGTAACTCGCAA-1	1	3	1	3	1
ACGGTATGAGTCGT-1	3	2	3	4	6
ACGGTATGGGTATC-1	2	1	2	1	4
ACGGTATGGTTGTG-1	2	1	2	1	4
ACGGTCCTAACGGG-1	0	0	0	0	0
ACGGTCCTCGGGAA-1	0	0	0	0	3
ACGTAGACAACCAC-1	0	0	0	0	0
ACGTAGACTACAGC-1	2	1	2	1	4
ACGTCAGAAACGAA-1	0	0	0	0	0
ACGTCAGAGAGCTT-1	3	2	3	4	6
ACGTCAGAGGGATG-1	0	0	0	0	3
ACGTCCTGATAAGG-1	3	2	3	4	6
ACGTCCTGTGAACC-1	3	2	3	2	5
ACGTCGCTCCTGAA-1	1	3	1	3	2
ACGTCGCTCTATTC-1	3	2	3	4	6
ACGTCGCTTCTCAT-1	2	1	2	1	4
ACGTGATGCCATGA-1	4	4	4	6	7
ACGTGATGGGTCTA-1	0	0	0	0	3
ACGTGATGTAACCG-1	3	2	3	2	5
ACGTGATGTGACAC-1	1	3	1	3	2
ACGTGCCTCCGTAA-1	0	0	0	0	0
ACGTGCCTTCTATC-1	1	3	1	3	1
ACGTTACTTTCCAT-1	0	0	0	0	3
ACGTTGGAAAAGCA-1	0	0	0	0	3
ACGTTGGAAACCTG-1	1	3	1	3	1
ACGTTGGACCGTAA-1	3	2	3	4	6
ACGTTGGAGCCAAT-1	1	3	1	3	2
ACGTTGGATATGGC-1	2	1	2	1	4
ACGTTGGATCAGGT-1	3	2	3	2	5
ACGTTTACATCAGC-1	0	0	0	0	0
ACTAAAACCCACAA-1	0	0	0	0	3
ACTAAAACTCGACA-1	3	2	3	4	6
ACTACGGAATTTCC-1	0	0	0	0	0
ACTACGGACCTATT-1	0	0	0	0	3
ACTACGGATCGCTC-1	0	0	0	0	0
ACTACTACTAAGGA-1	0	0	0	0	3
ACTAGGTGGAACCT-1	0	0	0	0	0
ACTAGGTGGAACTC-1	0	0	0	0	0
ACTATCACCTTGGA-1	1	3	1	3	1
ACTATCACTGCCAA-1	0	0	0	0	3
ACTCAGGACTGAAC-1	0	0	0	0	0
ACTCAGGATCTATC-1	2	1	2	1	4
ACTCAGGATTCGTT-1	3	2	3	4	6
ACTCCTCTCAACTG-1	0	0	0	0	0
ACTCGCACGAAAGT-1	3	2	3	4	6
ACTCGCACTACGAC-1	3	2	3	4	6
ACTCTCCTGACACT-1	0	0	0	5	3
ACTCTCCTGCATAC-1	0	0	0	0	3
ACTCTCCTGTTTGG-1	0	0	0	0	3
ACTGAGACAACCAC-1	1	3	1	3	1
ACTGAGACCCATAG-1	3	2	3	2	5
ACTGAGACGTTGGT-1	2	1	2	1	4
ACTGCCACACACGT-1	1	3	1	3	1
ACTGCCACTCCGTC-1	1	3	1	3	2
ACTGGCCTTCAGTG-1	1	3	1	3	2
ACTGTGGACGTGTA-1	1	3	1	3	1
ACTGTGGATCTAGG-1	2	1	2	1	4
ACTGTTACCCACAA-1	3	2	3	4	6
ACTGTTACTGCAGT-1	0	0	0	0	3
ACTTAAGAACCACA-1	0	0	0	0	3
ACTTAAGATTACTC-1	4	4	4	6	7
ACTTAGCTGCGTAT-1	3	2	3	2	5
ACTTAGCTGGGAGT-1	0	0	0	0	3
ACTTCAACAAGCAA-1	0	0	0	0	0
ACTTCAACGTAGGG-1	1	3	1	3	2
ACTTCCCTTTCCGC-1	0	0	0	0	3
ACTTCTGACATGCA-1	2	1	2	1	4
ACTTGACTCCACAA-1	2	1	2	1	4
ACTTGGGAGAAAGT-1	3	2	3	4	6
ACTTGGGAGGTTTG-1	0	0	0	0	0
ACTTGGGATGTGAC-1	3	2	3	2	6
ACTTGGGATTGACG-1	3	2	3	4	6
ACTTGTACCTGTCC-1	0	0	0	5	3
ACTTTGTGGAAAGT-1	0	0	0	0	3
ACTTTGTGGATAGA-1	3	2	3	4	6
AGAAACGAAAGTAG-1	2	1	2	1	4
AGAAAGTGCGCAAT-1	0	0	0	0	3
AGAAAGTGGGGATG-1	3	2	3	4	6
AGAACAGAAATGCC-1	1	3	1	3	2
AGAACAGACGACTA-1	2	1	2	1	4
AGAACAGAGACAAA-1	0	0	0	0	0
AGAACGCTTTGCTT-1	0	0	0	0	3
AGAAGATGTGACTG-1	0	0	0	0	0
AGAATGGAAGAAGT-1	1	3	1	3	1
AGAATTTGTAACCG-1	0	0	0	0	0
AGAATTTGTAGAGA-1	0	0	0	0	3
AGACACACTGTAGC-1	0	0	0	0	3
AGACACTGTCAAGC-1	3	2	3	4	6
AGACCTGAAGTAGA-1	3	2	3	4	6
AGACCTGACCAACA-1	0	0	0	0	0
AGACCTGAGGAAGC-1	1	3	1	3	1
AGACGTACAGAGGC-1	0	0	0	0	0
AGACGTACCCCTAC-1	2	1	2	1	4
AGACGTACCTCTTA-1	3	2	3	4	6
AGACGTACTCGTGA-1	3	2	3	2	5
AGACTGACCATCAG-1	1	3	1	3	1
AGACTGACCCTTTA-1	0	0	0	0	0
AGACTTCTCATGCA-1	2	1	2	1	4
AGAGATGACAGTCA-1	2	1	2	1	4
AGAGATGACTGAAC-1	0	0	0	0	3
AGAGATGAGGTTTG-1	3	2	3	4	6
AGAGATGATCTCGC-1	2	1	2	1	4
AGAGATGATTGTGG-1	0	0	0	0	0
AGAGCGGAGGCAAG-1	3	2	3	2	5
AGAGTCTGGTCGTA-1	3	2	3	2	5
AGAGTGCTCAGCTA-1	0	0	0	0	3
AGAGTGCTCGAATC-1	0	0	0	0	0
AGAGTGCTGTCATG-1	0	0	0	0	0
AGAGTGCTGTCCTC-1	1	3	1	3	1
AGAGTGCTGTGTTG-1	2	1	2	1	4
AGATATACCCGTAA-1	1	3	1	3	2
AGATATACGATGAA-1	0	0	0	0	0
AGATATACTGTTCT-1	2	1	2	1	4
AGATATTGCCTACC-1	1	3	1	3	1
AGATATTGGCCAAT-1	3	2	3	4	6
AGATCGTGTCTGGA-1	3	2	3	4	6
AGATCGTGTTTGTC-1	2	1	2	1	4
AGATCTCTATCACG-1	2	1	2	1	4
AGATTAACGTTCTT-1	3	2	3	2	5
AGATTCCTATCGTG-1	0	0	0	0	0
AGATTCCTCACTTT-1	3	2	3	4	6
AGATTCCTGACGAG-1	3	2	3	4	6
AGATTCCTGTTCAG-1	1	3	1	3	2
AGCAAAGATATGCG-1	0	0	0	0	0
AGCACAACAGTCTG-1	0	0	0	0	3
AGCACTGAGGGAGT-1	0	0	0	0	0
AGCACTGATATGCG-1	0	0	0	0	0
AGCACTGATGCTTT-1	4	4	4	6	7
AGCACTGATTGCGA-1	0	0	0	0	3
AGCATCGAAGATCC-1	0	0	0	0	3
AGCATCGAAGGGTG-1	2	1	2	1	4
AGCATCGAGCTTCC-1	3	2	3	4	6
AGCATCGAGTGAGG-1	0	0	0	0	0
AGCATCGATAACCG-1	3	2	3	4	6
AGCATGACGATGAA-1	1	3	1	3	1
AGCCAATGGGGAGT-1	3	2	3	2	5
AGCCAATGTATCTC-1	0	0	0	0	0
AGCCACCTGGATCT-1	1	3	1	3	1
AGCCGGTGCCAATG-1	0	0	0	0	0
AGCCGGTGTGTTTC-1	0	0	0	0	3
AGCCGTCTCAATCG-1	0	0	0	0	3
AGCCGTCTGAGAGC-1	0	0	0	0	0
AGCCTCACGTTCGA-1	0	0	0	0	3
AGCCTCACTGTCAG-1	3	2	3	2	5
AGCCTCTGCAGTTG-1	2	1	2	1	4
AGCCTCTGCCAATG-1	1	3	1	3	2
AGCGAACTGGATCT-1	0	0	0	0	3
AGCGAACTTACTGG-1	0	0	0	0	0
AGCGATACGGAGCA-1	0	0	0	0	3
AGCGATTGAGATCC-1	1	3	1	3	2
AGCGCCGAATCTCT-1	0	0	0	0	0
AGCGCCGACAGAGG-1	0	0	0	0	0
AGCGCTCTACCTTT-1	0	0	0	0	3
AGCGGCACCGGGAA-1	0	0	0	0	3
AGCGGCTGATGTGC-1	0	0	0	0	0
AGCGGGCTTGCCAA-1	0	0	0	0	3
AGCGTAACATGCTG-1	0	0	0	0	0
AGCGTAACTGAGAA-1	3	2	3	2	5
AGCTCGCTACTGGT-1	0	0	0	0	3
AGCTCGCTCTGCTC-1	0	0	0	0	0
AGCTGAACCATACG-1	3	2	3	2	5
AGCTGAACCTCTCG-1	0	0	0	0	0
AGCTGCCTTGGGAG-1	3	2	3	4	6
AGCTGCCTTTCATC-1	0	0	0	0	0
AGCTGCCTTTCTGT-1	0	0	0	0	3
AGCTGTGATCCAAG-1	0	0	0	0	3
AGCTTTACAAGTAG-1	0	0	0	0	3
AGCTTTACACCAAC-1	1	3	1	3	1
AGCTTTACTCTCAT-1	2	1	2	1	4
AGGAAATGAGGAGC-1	0	0	0	0	3
AGGAACCTCTTAGG-1	3	2	3	2	5
AGGAACCTTGCCTC-1	1	3	1	3	1
AGGAATGATAACGC-1	0	0	0	0	0
AGGAATGATTTGTC-1	0	0	0	0	0
AGGAGTCTGGTTTG-1	0	0	0	0	0
AGGAGTCTTGTCAG-1	0	0	0	0	3
AGGATAGACATTTC-1	0	0	0	0	0
AGGATAGAGGATTC-1	1	3	1	3	1
AGGATGCTACTAGC-1	2	1	2	1	4
AGGATGCTTTAGGC-1	1	3	1	3	2
AGGCAACTGAAGGC-1	0	0	0	0	0
AGGCAGGAGTACCA-1	1	3	1	3	1
AGGCCTCTAGTCGT-1	0	0	0	0	0
AGGCCTCTCGGAGA-1	0	0	0	0	0
AGGCCTCTCGTAAC-1	0	0	0	5	3
AGGGACGACGTTGA-1	0	0	0	0	3
AGGGACGAGTCAAC-1	1	3	1	3	2
AGGGACGAGTTGTG-1	0	0	0	0	3
AGGGACGATAGAGA-1	1	3	1	3	1
AGGGACGATGCATG-1	1	3	1	3	1
AGGGAGTGAGCCTA-1	0	0	0	0	0
AGGGCCACCATACG-1	0	0	0	0	0
AGGGCGCTAACCAC-1	3	2	3	4	6
AGGGCGCTATGGTC-1	0	0	0	0	3
AGGGTGGACAGTCA-1	2	1	2	1	4
AGGGTGGACTCAAG-1	3	2	3	4	6
AGGGTGGAGTTGCA-1	1	3	1	3	1
AGGGTTTGTTCATC-1	3	2	3	4	6
AGGTCATGAGTGTC-1	2	1	2	1	4
AGGTCATGCTTATC-1	1	3	1	3	1
AGGTCTGATTCTCA-1	3	2	3	2	5
AGGTGGGAAGAATG-1	0	0	0	0	0
AGGTGGGAAGTTCG-1	0	0	0	0	3
AGGTGTTGGTTACG-1	2	1	2	1	4
AGGTTCGAACCTCC-1	3	2	3	4	6
AGGTTCGAACGTAC-1	3	2	3	4	6
AGGTTCGAGGGTGA-1	0	0	0	0	3
AGTAAGGAGTTTGG-1	0	0	0	0	0
AGTAAGGATTCTTG-1	0	0	0	0	0
AGTAATACATCACG-1	1	3	1	3	2
AGTAATACCGAACT-1	2	1	2	1	4
AGTAATTGTCCCAC-1	0	0	0	0	0
AGTACGTGAGGGTG-1	0	0	0	0	0
AGTACGTGCTGCAA-1	0	0	0	0	0
AGTACGTGCTTGGA-1	0	0	0	0	0
AGTACTCTACGTGT-1	2	1	2	1	4
AGTACTCTCAACCA-1	1	3	1	3	1
AGTACTCTCGGTAT-1	0	0	0	0	0
AGTAGGCTTGCCTC-1	3	2	3	2	5
AGTATAACTTGTCT-1	3	2	3	2	5
AGTATCCTAGAACA-1	0	0	0	0	3
AGTCACGATGAGCT-1	1	3	1	3	2
AGTCAGACGAATAG-1	0	0	0	0	0
AGTCAGACGCTTAG-1	0	0	0	0	0
AGTCAGACTAGAGA-1	1	3	1	3	1
AGTCAGACTGCACA-1	0	0	0	0	0
AGTCCAGATATCTC-1	0	0	0	0	3
AGTCCAGATTTCAC-1	0	0	0	0	3
AGTCGAACCAACCA-1	0	0	0	0	3
AGTCGCCTCCGTAA-1	0	0	0	0	0
AGTCTACTAGGGTG-1	3	2	3	4	6
AGTCTACTTGCATG-1	3	2	3	2	5
AGTCTTACACCACA-1	0	0	0	0	3
AGTCTTACTTCGCC-1	1	3	1	3	1
AGTCTTACTTCGGA-1	5	5	5	7	8
AGTGACTGCAACTG-1	3	2	3	2	5
AGTGTTCTAACCTG-1	0	0	0	0	0
AGTGTTCTATAAGG-1	0	0	0	0	0
AGTGTTCTCACTTT-1	3	2	3	4	6
AGTTAAACCACTTT-1	0	0	0	0	0
AGTTATGAACAGTC-1	3	2	3	4	6
AGTTATGACTGAGT-1	0	0	0	0	0
AGTTATGAGTTCAG-1	0	0	0	0	0
AGTTCTACCAGCTA-1	3	2	3	4	6
AGTTCTTGAAGCCT-1	1	3	1	3	1
AGTTGTCTACTACG-1	0	0	0	0	0
AGTTTAGATGGTCA-1	0	0	0	0	3
AGTTTCACGGTCTA-1	1	3	1	3	1
AGTTTGCTACAGTC-1	0	0	0	0	3
AGTTTGCTACTGGT-1	1	3	1	3	2
AGTTTGCTCCAAGT-1	0	0	0	0	0
ATAAACACAGTGCT-1	2	1	2	1	4
ATAAACACCACCAA-1	0	0	0	0	3
ATAACAACATGCTG-1	3	2	3	4	6
ATAACAACGTCTAG-1	0	0	0	0	0
ATAACAACTTTGTC-1	0	0	0	0	0
ATAACATGTACTCT-1	0	0	0	0	0
ATAACCCTGTTGGT-1	0	0	0	3	1
ATAACCCTTGGTAC-1	0	0	0	0	0
ATAAGTACGAATGA-1	2	1	2	1	4
ATAAGTTGGTACGT-1	3	2	3	2	5
ATAAGTTGTCTAGG-1	0	0	0	0	3
ATAATCGAGCTGAT-1	2	1	2	1	4
ATAATCGATGGTTG-1	0	0	0	0	3
ATAATGACCTACTT-1	0	0	0	0	0
ATAATGACTCGTGA-1	3	2	3	4	6
ATACAATGTTAGGC-1	0	0	0	0	0
ATACCACTCGTACA-1	3	2	3	4	6
ATACCACTCTAAGC-1	4	4	4	6	7
ATACCACTGCCAAT-1	1	3	1	3	2
ATACCGGAATGCTG-1	4	4	4	6	7
ATACCGGACATTTC-1	3	2	3	4	6
ATACCGGACTTCGC-1	0	0	0	0	0
ATACCGGAGGTGTT-1	3	2	3	4	6
ATACCGGATCTCGC-1	0	0	0	0	3
ATACCTACGCATCA-1	0	0	0	0	0
ATACCTTGGGGCAA-1	0	0	0	0	3
ATACGGACAGACTC-1	3	2	3	4	6
ATACGGACCTACTT-1	3	2	3	4	6
ATACGGACGAGGTG-1	2	1	2	1	4
ATACGGACTATGCG-1	2	1	2	1	4
ATACGGACTCTGGA-1	3	2	3	4	6
ATACGTCTTAACGC-1	3	2	3	4	6
ATACTCTGCTTCGC-1	3	2	3	2	5
ATACTCTGGTATGC-1	1	3	1	3	2
ATAGATACCATGGT-1	0	0	0	0	0
ATAGATACGACGAG-1	0	0	0	0	3
ATAGATTGGTGTAC-1	2	1	2	1	4
ATAGCCGAACGGAG-1	0	0	0	0	3
ATAGCGTGCAGATC-1	0	0	0	0	0
ATAGCGTGCCCTTG-1	3	2	3	4	6
ATAGCGTGGTATCG-1	3	2	3	4	6
ATAGCGTGTCTCTA-1	0	0	0	0	0
ATAGCTCTCTGATG-1	0	0	0	5	3
ATAGCTCTGAGGTG-1	0	0	0	0	0
ATAGGAGAAACAGA-1	3	2	3	2	5
ATAGGCTGTCAGAC-1	0	0	0	0	3
ATAGTCCTAGTGTC-1	3	2	3	4	6
ATAGTCCTTGCATG-1	1	3	1	3	1
ATAGTCCTTGTCGA-1	0	0	0	0	3
ATAGTTGACAACTG-1	0	0	0	0	3
ATAGTTGACCCTCA-1	3	2	3	2	5
ATAGTTGAGACGTT-1	0	0	0	5	3
ATAGTTGATAAGCC-1	0	0	0	0	3
ATATACGAAGCCAT-1	0	0	0	0	3
ATATACGAATTGGC-1	0	0	0	0	0
ATATAGTGGAATGA-1	3	2	3	4	6
ATATGCCTAGATCC-1	3	2	3	4	6
ATATGCCTGGACAG-1	0	0	0	0	0
ATATGCCTTCTCTA-1	0	0	0	0	3
ATATGCCTTGGTAC-1	0	0	0	0	3
ATCAAATGAGCCTA-1	3	2	3	4	6
ATCAAATGGGTAAA-1	3	2	3	2	5
ATCAACCTAAACGA-1	0	0	0	0	0
ATCAACCTGAGGAC-1	0	0	0	0	3
ATCAACCTTCTCTA-1	1	0	1	3	0
ATCAACCTTTGTCT-1	1	3	1	3	1
ATCACACTTTGTCT-1	0	0	0	0	3
ATCACGGATTTCGT-1	2	1	2	1	4
ATCATCTGACACCA-1	5	5	5	7	8
ATCATGCTAGAGTA-1	1	3	1	3	1
ATCATGCTGAACCT-1	2	1	2	1	4
ATCCAGGACGCTAA-1	3	2	3	2	5
ATCCAGGATGGAAA-1	0	0	0	0	0
ATCCATACTCCTTA-1	3	2	3	4	6
ATCCATACTTCATC-1	3	2	3	2	5
ATCCCGTGCAGTCA-1	1	3	1	3	2
ATCCCGTGCATGCA-1	2	1	2	1	4
ATCCCGTGGCTGAT-1	2	1	2	1	4
ATCCGCACGCATCA-1	2	1	2	1	4
ATCCTAACGACGGA-1	2	1	2	1	4
ATCCTAACGCTACA-1	0	0	0	0	0
ATCGACGAAACTGC-1	3	2	3	4	6
ATCGACGAATGACC-1	0	0	0	0	3
ATCGAGTGGACGTT-1	1	3	1	3	1
ATCGCAGAATCTCT-1	3	2	3	2	5
ATCGCAGAGTGTCA-1	2	1	2	1	4
ATCGCCACTGAGGG-1	1	3	1	3	1
ATCGCCTGGGTCAT-1	0	0	0	0	0
ATCGCCTGTGGCAT-1	2	1	2	1	4
ATCGCGCTCAGAGG-1	3	2	3	4	6
ATCGCGCTGGGATG-1	0	0	0	0	0
ATCGCGCTTTTCGT-1	2	1	2	1	4
ATCGGAACCAGTCA-1	0	0	0	0	3
ATCGGTGAGTCAAC-1	0	0	0	0	3
ATCGGTGATTGCAG-1	0	0	0	0	3
ATCGTTTGCCTACC-1	3	2	3	4	5
ATCGTTTGGGTACT-1	3	2	3	4	6
ATCGTTTGTGCCAA-1	3	2	3	4	6
ATCTACACCCGCTT-1	3	2	3	4	6
ATCTACACCGGGAA-1	0	0	0	0	0
ATCTCAACAGGAGC-1	2	1	2	1	4
ATCTCAACCTCGAA-1	0	0	0	5	3
ATCTCAACCTTGTT-1	3	2	3	4	6
ATCTGGGAAACCAC-1	3	2	3	4	6
ATCTGGGAAGTGTC-1	3	2	3	2	5
ATCTGGGATTCCGC-1	0	0	0	3	1
ATCTGTTGAACGGG-1	0	0	0	0	0
ATCTGTTGACCTCC-1	0	0	0	0	0
ATCTGTTGCCTTCG-1	3	2	3	2	5
ATCTGTTGGTTGCA-1	0	0	0	0	0
ATCTTGACACCAAC-1	0	0	0	0	3
ATCTTGACCTCCCA-1	3	2	3	4	6
ATCTTTCTGCATCA-1	1	0	1	5	3
ATCTTTCTGTTTCT-1	1	3	1	3	1
ATCTTTCTTGTCCC-1	1	3	1	3	2
ATGAAACTCTGTGA-1	0	0	0	0	0
ATGAAACTGAGGCA-1	0	0	0	0	3
ATGAAGGAACAGCT-1	1	3	1	3	1
ATGAAGGACCTGTC-1	2	1	2	1	4
ATGAAGGACCTTAT-1	2	1	2	1	4
ATGAAGGACTAGTG-1	2	1	2	1	4
ATGAAGGACTTGCC-1	1	3	1	3	2
ATGACGTGACGACT-1	2	1	2	1	4
ATGACGTGATCGGT-1	3	2	3	2	5
ATGAGAGAAAGTGA-1	0	0	0	0	0
ATGAGAGAACGCAT-1	0	0	0	0	3
ATGAGAGAAGTAGA-1	2	1	2	1	4
ATGAGCACACAGCT-1	0	0	0	0	3
ATGAGCACATCTTC-1	0	0	0	0	0
ATGATAACTTCACT-1	1	3	1	3	2
ATGATATGAAACAG-1	0	0	0	0	0
ATGATATGACTGGT-1	0	0	0	0	3
ATGATATGAGCACT-1	0	0	0	0	3
ATGATATGGTCATG-1	0	0	0	0	0
ATGATATGGTGCTA-1	1	3	1	3	2
ATGATATGTTGTCT-1	3	2	3	2	5
ATGCACGAATGTCG-1	2	1	2	1	4
ATGCACGACTGTAG-1	0	0	0	0	0
ATGCACGAGAACCT-1	2	1	2	1	4
ATGCACGAGTTCGA-1	0	0	0	0	0
ATGCACGATTGGTG-1	3	2	3	2	5
ATGCAGTGTTACCT-1	2	1	2	1	4
ATGCAGTGTTCTAC-1	0	0	0	0	0
ATGCCAGAACGACT-1	0	0	0	0	0
ATGCCAGACAGTCA-1	3	2	3	4	6
ATGCCGCTTGAACC-1	3	2	3	4	6
ATGCGATGCTATGG-1	3	2	3	4	6
ATGCGATGCTGAGT-1	0	0	0	0	0
ATGCGATGGTTACG-1	2	1	2	1	4
ATGCGCCTTCATTC-1	0	0	0	0	3
ATGCTTTGCGAATC-1	0	0	0	0	0
ATGCTTTGGGCGAA-1	1	3	1	3	1
ATGCTTTGTAGTCG-1	2	1	2	1	4
ATGGACACATCGGT-1	0	0	0	0	0
ATGGACACGCATCA-1	1	3	1	3	2
ATGGGTACAACCTG-1	2	1	2	1	4
ATGGGTACATCGGT-1	1	3	1	3	2
ATGGGTACTATTCC-1	0	0	0	0	0
ATGGGTACTGGGAG-1	0	0	0	0	0
ATGTAAACACCTCC-1	0	0	0	0	3
ATGTAAACCCGCTT-1	0	0	0	0	0
ATGTAAACGGGATG-1	4	4	4	6	7
ATGTAAACTCTCCG-1	0	0	0	0	0
ATGTAAACTTCACT-1	3	2	3	4	6
ATGTACCTCAGTCA-1	0	0	0	0	1
ATGTACCTTAGTCG-1	0	0	0	0	0
ATGTACCTTTATCC-1	3	2	3	4	6
ATGTACCTTTCACT-1	1	3	1	3	1
ATGTCACTAATGCC-1	3	2	3	4	6
ATGTCACTCTGCTC-1	0	0	0	0	3
ATGTCGGAGGTGAG-1	0	0	0	0	0
ATGTTCACAGTCTG-1	3	2	3	4	6
ATGTTCACCGTAGT-1	0	0	0	0	0
ATGTTGCTTTCAGG-1	0	0	0	0	0
ATTAACGATGAGAA-1	1	3	1	3	2
ATTAACGATGCAAC-1	1	3	1	3	1
ATTAAGACTGCAGT-1	0	0	0	0	0
ATTACCTGCCTTAT-1	3	2	3	4	6
ATTACCTGGAGGAC-1	3	2	3	2	5
ATTAGATGTTTCAC-1	0	0	0	5	3
ATTATGGAATCTCT-1	0	0	0	0	0
ATTCAAGAACGGGA-1	0	0	0	0	0
ATTCAAGACCTTTA-1	0	0	0	0	0
ATTCAGCTCATTGG-1	5	5	5	7	8
ATTCCAACCATTGG-1	3	2	3	4	6
ATTCCAACTTAGGC-1	1	3	1	3	2
ATTCGACTCACTAG-1	0	0	0	0	0
ATTCGACTGAATAG-1	3	2	3	4	6
ATTCGACTTTTGTC-1	3	2	3	2	5
ATTCGGGAAAGGCG-1	3	2	3	4	6
ATTCGGGATTAGGC-1	0	0	0	0	0
ATTCTTCTGATACC-1	0	0	0	0	1
ATTGAATGGACGGA-1	0	0	0	0	3
ATTGATGAAGGTTC-1	0	0	0	0	3
ATTGATGACTGAGT-1	0	0	0	0	3
ATTGATGAGCGAAG-1	0	0	0	0	0
ATTGATGATCTATC-1	0	0	0	0	3
ATTGCACTGACGGA-1	0	0	0	0	3
ATTGCACTGAGAGC-1	3	2	3	2	5
ATTGCACTGGAGCA-1	3	2	3	4	6
ATTGCACTTAGCCA-1	0	0	0	0	3
ATTGCACTTGCTTT-1	3	2	3	2	5
ATTGCTTGTTACTC-1	2	1	2	1	4
ATTGGTCTGACTAC-1	2	1	2	1	4
ATTGGTCTTGTCTT-1	2	1	2	1	4
ATTGTAGATTCCCG-1	4	4	4	6	7
ATTGTAGATTGCAG-1	0	0	0	0	3
ATTGTCTGCGTACA-1	0	0	0	0	0
ATTTAGGAACCATG-1	3	2	3	2	5
ATTTAGGACAGAGG-1	0	0	0	0	0
ATTTCCGAGATGAA-1	0	0	0	0	3
ATTTCCGAGTGCTA-1	0	0	0	0	0
ATTTCGTGTATGGC-1	1	3	1	3	2
ATTTCTCTACTTTC-1	3	2	3	2	5
ATTTCTCTAGCAAA-1	0	0	0	0	0
ATTTCTCTCACTTT-1	3	2	3	2	5
ATTTCTCTTCCCAC-1	0	0	0	0	3
ATTTGCACAAGATG-1	3	2	3	4	6
CAAAGCACAGCTCA-1	0	0	0	0	0
CAAAGCACCGTAAC-1	2	1	2	1	4
CAAAGCACGGTAAA-1	1	3	1	3	1
CAAAGCTGAAAGTG-1	0	0	0	0	3
CAAAGCTGTTGCTT-1	3	2	3	4	6
CAAATATGTGACAC-1	0	0	0	0	3
CAAATTGAGGGCAA-1	0	0	0	0	3
CAAATTGATGGAGG-1	3	2	3	4	6
CAACCAGAAAAGTG-1	0	0	0	0	3
CAACCAGAAGTGCT-1	0	0	0	0	0
CAACCAGAGTTCAG-1	3	2	3	4	6
CAACCAGATAGAAG-1	3	2	3	4	6
CAACCGCTGTTCAG-1	0	0	0	0	3
CAACCGCTTTGAGC-1	0	0	0	0	0
CAACGATGCGCAAT-1	3	2	3	2	5
CAACGTGACTCCAC-1	3	2	3	4	6
CAACGTGAGCCATA-1	1	3	1	3	1
CAACGTGATCAAGC-1	3	2	3	4	6
CAAGAAGACCACAA-1	1	3	1	3	1
CAAGAAGACGTCTC-1	3	2	3	2	5
CAAGAAGATTCTAC-1	0	0	0	0	3
CAAGACTGACCTGA-1	2	1	2	1	4
CAAGACTGAGTAGA-1	2	1	2	1	4
CAAGCTGACCATAG-1	3	2	3	2	5
CAAGCTGATCTATC-1	1	3	1	3	1
CAAGGACTGTTCAG-1	0	0	0	0	3
CAAGGACTTCTTTG-1	1	3	1	3	1
CAAGGTTGCTCCAC-1	0	0	0	0	0
CAAGGTTGTCATTC-1	2	1	2	1	4
CAAGGTTGTCTGGA-1	1	3	1	3	2
CAAGTCGAAACAGA-1	2	1	2	1	4
CAAGTCGATAGCGT-1	3	2	3	4	6
CAATAAACGCCATA-1	3	2	3	4	6
CAATAATGAACTGC-1	3	2	3	4	6
CAATATGACATGGT-1	0	0	0	0	0
CAATATGACCTTCG-1	1	3	1	3	2
CAATATGACGTTAG-1	0	0	0	0	3
CAATATGAGGAGCA-1	0	0	0	0	0
CAATCGGAGAAACA-1	0	0	0	0	0
CAATCTACTGACTG-1	1	3	1	3	2
CAATTCACCCAACA-1	1	3	1	3	1
CAATTCACGATAGA-1	0	0	0	0	0
CAATTCACTTGTGG-1	0	0	0	5	3
CAATTCTGCTTGTT-1	3	2	3	4	6
CAATTCTGGCGTAT-1	3	2	3	4	6
CACAACGATACGAC-1	0	0	0	0	3
CACAATCTTGTTCT-1	0	0	0	0	0
CACAATCTTTCCAT-1	1	0	1	3	1
CACACCTGCTTGAG-1	0	0	0	0	3
CACACCTGTATGGC-1	0	0	0	0	3
CACAGAACCCTTGC-1	2	1	2	1	4
CACAGAACCTGATG-1	0	0	0	0	0
CACAGATGGGATTC-1	0	0	0	0	3
CACAGATGGTTTCT-1	3	2	3	4	6
CACAGCCTGATACC-1	0	0	0	0	0
CACAGCCTTGCCAA-1	3	2	3	2	5
CACAGCCTTGTAGC-1	0	0	0	0	0
CACAGTGATGAAGA-1	3	2	3	4	6
CACATACTACAGCT-1	1	3	1	3	1
CACATGGAACACGT-1	0	0	0	0	0
CACATGGAAGTCGT-1	0	0	0	0	3
CACCACTGCCAACA-1	0	0	0	0	0
CACCACTGGCGAAG-1	1	3	1	3	2
CACCCATGTTCTGT-1	1	0	1	5	3
CACCGGGAATCGAC-1	0	0	0	0	0
CACCGGGACGAGAG-1	1	3	1	3	1
CACCGGGACGTGTA-1	0	0	0	0	3
CACCGGGACTTCTA-1	0	0	0	0	0
CACCGGGACTTGCC-1	1	3	1	3	1
CACCGGGATTCGGA-1	1	3	1	3	1
CACCGTACTAAGGA-1	2	1	2	1	4
CACCGTACTAGCGT-1	0	0	0	0	3
CACCTGACACCCAA-1	1	3	1	3	1
CACCTGACCAGAAA-1	0	0	0	0	0
CACCTGACCTCAAG-1	1	3	1	3	1
CACCTGACGAAAGT-1	2	1	2	1	4
CACCTGACTCGTAG-1	0	0	0	0	0
CACGAAACTTCCGC-1	2	1	2	1	4
CACGACCTCGATAC-1	2	1	2	1	4
CACGCTACAGAAGT-1	0	0	0	0	3
CACGCTACTGTTCT-1	2	1	2	1	4
CACGGGACAGAGTA-1	0	0	0	0	0
CACGGGACATAAGG-1	0	0	0	0	3
CACGGGACGTAGGG-1	0	0	0	0	0
CACGGGTGCTTCGC-1	1	3	1	3	1
CACGGGTGGAGGAC-1	1	3	1	3	1
CACGGGTGTGTTTC-1	0	0	0	5	3
CACTAACTCCTAAG-1	2	1	2	1	4
CACTAACTGAAAGT-1	0	0	0	0	0
CACTAGGATGATGC-1	2	1	2	1	4
CACTATACCCCGTT-1	2	1	2	1	4
CACTATACGTTTGG-1	1	3	1	3	1
CACTGAGACAGTCA-1	3	2	3	4	6
CACTGCACTTCATC-1	0	0	0	0	3
CACTGCTGAGACTC-1	3	2	3	2	5
CACTGCTGGAAAGT-1	0	0	0	0	0
CACTTAACCGAATC-1	0	0	0	0	0
CACTTAACCGTACA-1	2	1	2	1	4
CACTTTGACTCTAT-1	1	3	1	3	1
CACTTTGAGCTGTA-1	1	3	1	3	1
CAGAAGCTCTCAAG-1	0	0	0	0	3
CAGACATGAACGGG-1	0	0	0	0	0
CAGACATGTCGACA-1	0	0	0	0	0
CAGACCCTAAGGTA-1	3	2	3	2	5
CAGACCCTAATGCC-1	0	0	0	0	3
CAGACCCTAGGAGC-1	0	0	0	0	0
CAGACTGAGTATGC-1	0	0	0	0	3
CAGATCGAATGTCG-1	2	1	2	1	4
CAGATCGACCTGAA-1	1	0	1	3	1
CAGATCGATATGGC-1	0	0	0	0	3
CAGATGACATTCTC-1	1	3	1	3	2
CAGCAATGCCTTCG-1	0	0	0	0	0
CAGCAATGGAGGGT-1	1	3	1	3	2
CAGCAATGGTGCTA-1	0	0	0	0	0
CAGCAATGTCTACT-1	3	2	3	4	6
CAGCAATGTGACCA-1	0	0	0	5	3
CAGCAATGTGAGGG-1	3	2	3	4	6
CAGCACCTAAGCCT-1	0	0	0	0	0
CAGCACCTAGGCGA-1	0	0	0	0	3
CAGCACCTGTAGGG-1	3	2	3	4	6
CAGCATGACAACCA-1	3	2	3	4	6
CAGCATGAGACGTT-1	1	3	1	3	1
CAGCCTACCCAACA-1	0	0	0	0	0
CAGCCTTGCTACCC-1	3	2	3	4	6
CAGCCTTGGGGACA-1	0	0	0	0	0
CAGCGGACACCCTC-1	0	0	0	0	3
CAGCGGACCTTTAC-1	1	3	1	3	2
CAGCGTCTAAAGCA-1	0	0	0	0	3
CAGCGTCTTATCGG-1	0	0	0	0	0
CAGCTAGATGTGAC-1	3	2	3	4	6
CAGCTCTGAGGCGA-1	0	0	0	0	0
CAGCTCTGCAAGCT-1	1	3	1	3	1
CAGCTCTGTCGTAG-1	3	2	3	4	6
CAGCTCTGTGTGGT-1	1	3	1	3	2
CAGGAACTAACTGC-1	1	3	1	3	1
CAGGAACTCTCAGA-1	3	2	3	4	6
CAGGCCGAACACCA-1	0	0	0	0	0
CAGGCCGAACACGT-1	0	0	0	0	0
CAGGCCGAACGACT-1	0	0	0	0	0
CAGGCCGAATCTCT-1	3	2	3	2	6
CAGGCCGACTAGCA-1	2	1	2	1	4
CAGGGCACCATACG-1	2	1	2	1	4
CAGGGCACCCAACA-1	0	0	0	0	3
CAGGGCACTCCCGT-1	0	0	0	0	0
CAGGTAACAGACTC-1	3	2	3	2	5
CAGGTATGAGTCGT-1	0	0	0	0	1
CAGGTATGTGCTTT-1	0	0	0	0	0
CAGGTTGAGGATCT-1	2	1	2	1	4
CAGTGATGGACGGA-1	2	1	2	1	4
CAGTGATGGCTAAC-1	1	3	1	3	1
CAGTGATGGGACAG-1	0	0	0	0	0
CAGTGATGTAAGGA-1	2	1	2	1	4
CAGTGATGTACGCA-1	0	0	0	5	3
CAGTGTGATGTCAG-1	0	0	0	0	3
CAGTTACTAAGGTA-1	2	1	2	1	4
CAGTTACTGATAGA-1	0	0	0	0	0
CAGTTGGAAAGAGT-1	3	2	3	4	6
CAGTTGGACATACG-1	0	0	0	0	0
CAGTTTACACACGT-1	1	3	1	3	2
CAGTTTACCCCAAA-1	0	0	0	0	3
CATAAAACGGAGCA-1	3	2	3	4	6
CATAAATGAACTGC-1	0	0	0	0	3
CATAACCTTCTCCG-1	0	0	0	0	0
CATACTACCTCGAA-1	0	0	0	0	3
CATACTACCTGAAC-1	0	0	0	0	3
CATACTACGTACCA-1	3	2	3	4	6
CATACTTGGGTTAC-1	3	2	3	2	5
CATAGTCTAATCGC-1	0	0	0	0	3
CATAGTCTCACTTT-1	0	0	0	0	0
CATATAGACTAAGC-1	4	4	4	6	7
CATATAGATCAGGT-1	2	1	2	1	4
CATCAACTAGAAGT-1	0	0	0	0	0
CATCAACTCCCTCA-1	0	0	0	0	0
CATCAGGACTTCCG-1	1	3	1	3	2
CATCAGGATAGCCA-1	1	3	1	3	2
CATCAGGATCCTAT-1	3	2	3	2	5
CATCAGGATGCACA-1	3	2	3	4	6
CATCAGGATTTCGT-1	3	2	3	4	6
CATCATACCGCATA-1	3	2	3	2	5
CATCATACGGAGCA-1	2	1	2	1	4
CATCATACTCAAGC-1	0	0	0	0	0
CATCGCTGGGATCT-1	0	0	0	0	0
CATCGCTGTGGCAT-1	2	1	2	1	4
CATCGGCTATGCTG-1	0	0	0	0	0
CATCGGCTTTGGCA-1	0	0	0	0	3
CATCTCCTATGTGC-1	2	1	2	1	4
CATCTCCTCGAACT-1	3	2	3	2	5
CATGAGACACGGGA-1	2	1	2	1	4
CATGAGACGTTGAC-1	1	3	1	3	2
CATGAGACTCGCCT-1	0	0	0	5	3
CATGCCACGGGTGA-1	0	0	0	0	3
CATGCCACTGCCAA-1	0	0	0	0	0
CATGCGCTAGTCAC-1	3	2	3	2	5
CATGCGCTCAGATC-1	3	2	3	4	6
CATGCGCTTTGCAG-1	3	2	3	2	5
CATGGCCTAGGGTG-1	3	2	3	4	6
CATGGCCTGTGCAT-1	0	0	0	0	3
CATGTACTATCGTG-1	1	3	1	3	1
CATGTTACAGTCGT-1	1	3	1	3	1
CATGTTACCTGAGT-1	0	0	0	0	3
CATGTTTGGGGATG-1	3	2	3	4	6
CATTACACACGGAG-1	2	1	2	1	4
CATTACACCAACTG-1	1	3	1	3	2
CATTACACGGAGTG-1	0	0	0	0	0
CATTACACTACTCT-1	0	0	0	0	3
CATTAGCTCCACAA-1	3	2	3	4	6
CATTGACTAGCGGA-1	3	2	3	4	6
CATTGGGACTCGAA-1	0	0	0	0	0
CATTGTACAGCGTT-1	0	0	0	0	3
CATTGTACTCGATG-1	2	1	2	1	4
CATTGTACTTATCC-1	0	0	0	0	3
CATTGTACTTTGCT-1	3	2	3	2	5
CATTGTTGCTAGTG-1	0	0	0	0	3
CATTTCGACTCTAT-1	1	3	1	3	1
CATTTCGAGATACC-1	1	3	1	3	2
CATTTGACCACACA-1	1	3	1	3	1
CATTTGACCCTGAA-1	1	3	1	3	1
CATTTGTGACGACT-1	2	1	2	1	4
CATTTGTGCATTGG-1	0	0	0	0	3
CATTTGTGCGGAGA-1	0	0	0	0	3
CATTTGTGGGATCT-1	2	1	2	1	4
CCAAAGTGCTACGA-1	3	2	3	2	5
CCAAAGTGTGAGAA-1	3	2	3	4	6
CCAACCTGAAGTAG-1	1	3	1	3	1
CCAACCTGACGTAC-1	3	2	3	4	6
CCAACCTGTTCGCC-1	3	2	3	4	6
CCAAGAACCCAATG-1	0	0	0	0	3
CCAAGAACGTAGCT-1	0	0	0	0	0
CCAAGAACGTGTCA-1	0	0	0	0	3
CCAAGAACTACTGG-1	1	3	1	3	1
CCAAGAACTCCTAT-1	2	1	2	1	4
CCAAGATGTCATTC-1	0	0	0	0	3
CCAAGATGTTTCAC-1	0	0	0	0	0
CCAAGTGAGGAACG-1	0	0	0	0	3
CCAAGTGATCAAGC-1	0	0	0	0	3
CCAATTTGAACGTC-1	3	2	3	4	6
CCACCATGAACGTC-1	0	0	0	0	3
CCACCATGATCGGT-1	0	0	0	0	3
CCACCATGGACGAG-1	3	2	3	2	5
CCACCATGGGGAGT-1	0	0	0	0	3
CCACCATGTCCTGC-1	1	3	1	3	1
CCACTGACCCGCTT-1	3	2	3	4	6
CCACTGTGGGAAGC-1	3	2	3	4	6
CCACTGTGTGTAGC-1	0	0	0	0	3
CCACTTCTCGGGAA-1	3	2	3	4	6
CCAGAAACCCTGTC-1	2	1	2	1	4
CCAGAAACGAACTC-1	0	0	0	0	0
CCAGAAACGGTCTA-1	0	0	0	0	3
CCAGACCTCTGAGT-1	3	2	3	4	6
CCAGACCTTGTGGT-1	0	0	0	0	0
CCAGCACTGCGATT-1	3	2	3	2	5
CCAGCGGAAAGGCG-1	3	2	3	4	6
CCAGCGGACGACTA-1	3	2	3	4	6
CCAGCGGATGGGAG-1	0	0	0	0	3
CCAGCTACACAGTC-1	0	0	0	0	0
CCAGCTACCAGCTA-1	2	1	2	1	4
CCAGGTCTACACCA-1	2	1	2	1	4
CCAGGTCTAGCATC-1	3	2	3	4	6
CCAGGTCTATGGTC-1	0	0	0	0	3
CCAGTCACACTGGT-1	3	2	3	4	6
CCAGTCACACTGTG-1	2	1	2	1	4
CCAGTCACGTTGTG-1	0	0	0	0	0
CCAGTGCTAACCAC-1	0	0	0	0	0
CCAGTGCTCGTAGT-1	0	0	0	0	0
CCATCCGAAAGCAA-1	0	0	0	0	0
CCATCCGAACGACT-1	1	0	1	3	1
CCATCCGAAGGTTC-1	2	1	2	1	4
CCATCCGATTCGCC-1	3	2	3	4	6
CCATCGTGAACGGG-1	0	0	0	0	0
CCATCGTGCTAGAC-1	3	2	3	2	5
CCCAACACCTCGCT-1	2	1	2	1	4
CCCAACACGCATCA-1	0	0	0	0	0
CCCAACACTTTGTC-1	3	2	3	4	6
CCCAACTGCAATCG-1	3	2	3	4	6
CCCAGACTGCCTTC-1	3	2	3	2	5
CCCAGACTGGTTTG-1	2	1	2	1	4
CCCAGACTTTCGCC-1	3	2	3	2	5
CCCAGTTGCAGTTG-1	3	2	3	4	6
CCCAGTTGGGTACT-1	0	0	0	0	0
CCCAGTTGTCTATC-1	2	1	2	1	4
CCCGATTGTGTTTC-1	0	0	0	0	3
CCCGGAGAAGGGTG-1	3	2	3	4	6
CCCTACGAATTGGC-1	3	2	3	4	6
CCCTAGTGCAAAGA-1	0	0	0	0	0
CCCTCAGACACTTT-1	2	1	2	1	4
CCCTCAGACGAGAG-1	0	0	0	0	0
CCCTCAGAGGTCAT-1	0	0	0	0	3
CCCTGAACTAAAGG-1	2	1	2	1	4
CCCTGATGCAACCA-1	0	0	0	0	0
CCCTGATGCAAGCT-1	2	1	2	1	4
CCCTTACTAACCAC-1	3	2	3	4	6
CCCTTACTGCAGTT-1	0	0	0	0	1
CCGAAAACCTTGTT-1	3	2	3	2	5
CCGACACTGGTTTG-1	0	0	0	0	0
CCGACTACCCAGTA-1	3	2	3	4	6
CCGACTACCGTGTA-1	0	0	0	5	3
CCGACTACTGAGGG-1	0	0	0	0	0
CCGATAGACCTAAG-1	0	0	0	5	3
CCGATAGAGTTGGT-1	3	2	3	2	5
CCGCGAGACACACA-1	3	2	3	4	6
CCGCGAGAGGTTCA-1	1	3	1	3	1
CCGCTATGGGACGA-1	2	1	2	1	4
CCGCTATGTGCAAC-1	3	2	3	4	6
CCGCTATGTGCACA-1	3	2	3	4	6
CCGGTACTGTCCTC-1	0	0	0	0	3
CCGTACACAAGCAA-1	0	0	0	0	3
CCGTACACAGCGTT-1	2	1	2	1	4
CCGTACACGTCATG-1	1	3	1	3	1
CCGTACACGTTGGT-1	3	2	3	4	6
CCGTACACTAACGC-1	0	0	0	0	0
CCTAAACTTTCGTT-1	0	0	0	0	3
CCTAAGGACCCAAA-1	0	0	0	0	3
CCTAAGGACTAGCA-1	3	2	3	4	6
CCTAAGGAGGGCAA-1	0	0	0	3	3
CCTAAGGATGATGC-1	0	0	0	0	0
CCTAAGGATGTCAG-1	0	0	0	0	0
CCTACCGACTCTTA-1	0	0	0	0	3
CCTACCGAGGGATG-1	2	1	2	1	4
CCTAGAGAGGTGAG-1	2	1	2	1	4
CCTATAACCAAAGA-1	0	0	0	0	0
CCTATAACGAGACG-1	3	2	3	2	6
CCTATAACTCAGAC-1	0	0	0	0	3
CCTATAACTGCATG-1	3	2	3	2	6
CCTCGAACACTTTC-1	1	3	1	3	2
CCTCGAACCCGTAA-1	3	2	3	4	6
CCTCGAACGTATCG-1	0	0	0	0	0
CCTCGAACTTACTC-1	0	0	0	0	0
CCTCTACTCTTCGC-1	3	2	3	4	6
CCTCTACTGGCATT-1	0	0	0	0	3
CCTGACTGAAGTAG-1	1	3	1	3	1
CCTGACTGGGGAGT-1	0	0	0	0	3
CCTGACTGTGTCTT-1	2	1	2	1	4
CCTGCAACACGTTG-1	3	2	3	4	6
CCTGGACTCGTGAT-1	0	0	0	0	3
CCTTAATGCCCAAA-1	2	1	2	1	4
CCTTAATGTTCTAC-1	3	2	3	2	5
CCTTCACTACGACT-1	0	0	0	0	0
CCTTCACTCAGTCA-1	2	1	2	1	4
CCTTCACTGGAGTG-1	3	2	3	4	6
CCTTTAGATTCATC-1	3	2	3	4	6
CGAACATGCCCTAC-1	3	2	3	2	5
CGAACATGTCAGAC-1	0	0	0	0	0
CGAAGACTGGAACG-1	1	3	1	3	1
CGAAGACTGTTACG-1	0	0	0	0	0
CGAAGGGAAACCTG-1	1	3	1	3	1
CGAAGGGATCCGAA-1	2	1	2	1	4
CGAAGTACCAACTG-1	2	1	2	1	4
CGAATCGAGGAGCA-1	3	2	3	4	6
CGAATCGAGGAGGT-1	0	0	0	0	0
CGACAAACCCATAG-1	0	0	0	0	0
CGACAAACCGACAT-1	2	1	2	1	4
CGACCACTAAAGTG-1	1	3	1	3	2
CGACCACTGCCAAT-1	1	3	1	3	2
CGACCGGAAGGTCT-1	0	0	0	0	0
CGACCGGATGGAAA-1	0	0	0	0	0
CGACCTTGCTAGTG-1	0	0	0	0	0
CGACGTCTATCGTG-1	0	0	0	0	3
CGACGTCTCGTGTA-1	0	0	0	0	3
CGACGTCTGAGGCA-1	0	0	0	5	3
CGACTCACGTCGTA-1	0	0	0	0	3
CGACTCACGTTGCA-1	0	0	0	3	3
CGACTCTGTGTGAC-1	0	0	0	0	0
CGACTGCTTCCTCG-1	3	2	3	4	6
CGAGAACTAAGGCG-1	1	3	1	3	1
CGAGAACTACGTTG-1	0	0	0	0	3
CGAGAACTTGTTCT-1	3	2	3	4	6
CGAGATTGGACACT-1	1	3	1	3	1
CGAGATTGGCCATA-1	1	3	1	3	1
CGAGCCGAACACCA-1	0	0	0	0	3
CGAGCCGAGGCGAA-1	0	0	0	0	0
CGAGCGTGCTCCAC-1	0	0	0	0	0
CGAGCGTGGATACC-1	0	0	0	0	0
CGAGCGTGTATGCG-1	3	2	3	4	6
CGAGGAGACCTCCA-1	2	1	2	1	4
CGAGGAGATGTCGA-1	0	0	0	5	3
CGAGGCACCTATGG-1	1	3	1	3	1
CGAGGCACTATGCG-1	3	2	3	4	6
CGAGGCACTCTTCA-1	0	0	0	0	3
CGAGGCTGACGCTA-1	1	3	1	3	2
CGAGGCTGGCAGTT-1	3	2	3	4	6
CGAGGGCTACGACT-1	2	1	2	1	4
CGAGGGCTCGAATC-1	0	0	0	5	3
CGAGTATGTCACCC-1	3	2	3	2	5
CGATACGAACAGTC-1	3	2	3	4	6
CGATACGACAGGAG-1	0	0	0	0	0
CGATACGATTCACT-1	2	1	2	1	4
CGATAGACCCGTAA-1	3	2	3	2	6
CGATAGACCGTACA-1	0	0	0	0	0
CGATAGACGTAGGG-1	3	2	3	4	6
CGATAGACTGTTCT-1	0	0	0	0	3
CGATCAGAAGAACA-1	1	3	1	3	1
CGATCAGAGAGGGT-1	0	0	0	0	0
CGATCAGAGGTACT-1	0	0	0	0	0
CGATCAGATGTGAC-1	4	4	4	6	7
CGATCCACCGGGAA-1	1	3	1	3	1
CGATCCACTTCCAT-1	2	1	2	1	4
CGCAAATGCTCGAA-1	0	0	0	5	3
CGCAACCTCCTTGC-1	0	0	0	0	0
CGCAACCTGGACGA-1	0	0	0	0	3
CGCACGGAGGACGA-1	2	1	2	1	4
CGCACGGATCTTTG-1	0	0	0	0	3
CGCACTACAGAATG-1	0	0	0	0	0
CGCACTACAGCCAT-1	0	0	0	0	0
CGCACTACATTGGC-1	0	0	0	0	0
CGCACTACTCGCCT-1	2	1	2	1	4
CGCACTACTCGTGA-1	0	0	0	0	0
CGCACTTGTCACGA-1	3	2	3	4	6
CGCAGGACAGATCC-1	1	3	1	3	1
CGCAGGACCTACTT-1	0	0	0	5	3
CGCAGGACTTGTCT-1	3	2	3	2	5
CGCAGGTGCACTGA-1	0	0	0	0	3
CGCAGGTGCCATAG-1	3	2	3	2	5
CGCAGGTGGGAACG-1	0	0	0	0	0
CGCATAGATCACGA-1	3	2	3	4	6
CGCCATACTGCAAC-1	0	0	0	0	0
CGCCATTGAGAGGC-1	0	0	0	0	3
CGCCATTGCTATGG-1	0	0	0	0	0
CGCCATTGGAGACG-1	0	0	0	0	0
CGCCATTGGAGCAG-1	2	1	2	1	4
CGCCATTGTACTGG-1	2	1	2	1	4
CGCCGAGAGCTTAG-1	1	3	1	3	2
CGCCTAACGAATGA-1	4	4	4	6	7
CGCCTAACTGCTCC-1	0	0	0	0	0
CGCGAGACACAGCT-1	0	0	0	0	3
CGCGAGACAGGTCT-1	2	1	2	1	4
CGCGAGACGCTACA-1	0	0	0	0	0
CGCGATCTCAGTCA-1	3	2	3	4	6
CGCGATCTGTTGAC-1	3	2	3	4	6
CGCGATCTTTCTTG-1	2	1	2	1	4
CGCGGATGGCCAAT-1	0	0	0	0	0
CGCTAAGAATGTCG-1	0	0	0	0	0
CGCTAAGACAACTG-1	0	0	0	0	3
CGCTAAGACCCTTG-1	0	0	0	0	3
CGCTACTGAACAGA-1	3	2	3	4	6
CGCTACTGAGAACA-1	0	0	0	0	3
CGCTACTGTGAGCT-1	0	0	0	0	3
CGCTACTGTTCCCG-1	0	0	0	0	1
CGCTCATGCATTTC-1	3	2	3	4	6
CGGAATTGGTTTGG-1	0	0	0	0	3
CGGAATTGTGGAGG-1	0	0	0	0	3
CGGACCGATGCGTA-1	1	3	1	3	1
CGGACCGATGGGAG-1	0	0	0	0	3
CGGACTCTAAACAG-1	2	1	2	1	4
CGGACTCTCCAATG-1	0	0	0	0	0
CGGACTCTCCTCGT-1	1	3	1	3	2
CGGAGGCTATTCCT-1	0	0	0	5	3
CGGAGGCTTGGATC-1	0	0	0	0	3
CGGATAACAACGAA-1	3	2	3	4	6
CGGATAACAGCTCA-1	0	0	0	0	0
CGGATAACTCAGTG-1	3	2	3	4	6
CGGCACGAACTCAG-1	1	3	1	3	1
CGGCACGAAGGGTG-1	0	0	0	0	3
CGGCACGACTACGA-1	3	2	3	2	5
CGGCATCTTAGAAG-1	0	0	0	0	0
CGGCATCTTCGTAG-1	3	2	3	4	6
CGGCCAGAAAGGTA-1	0	0	0	0	1
CGGCCAGAGAGGCA-1	1	3	1	3	1
CGGCGAACCAGTCA-1	3	2	3	2	5
CGGCGAACGACAAA-1	1	3	1	3	2
CGGCGAACGGTCTA-1	0	0	0	0	0
CGGCGAACTACTTC-1	1	3	1	3	2
CGGGACTGCGTGTA-1	0	0	0	0	0
CGGGACTGGAATAG-1	1	3	1	3	1
CGGGCATGACCCAA-1	1	3	1	3	1
CGGGCATGTCTCTA-1	1	3	1	3	2
CGGGCATGTTGTGG-1	0	0	0	0	3
CGGTAAACTCGCAA-1	0	0	0	0	0
CGGTCACTGTTTGG-1	0	0	0	0	0
CGGTCACTTACTTC-1	0	0	0	0	0
CGTAACGATCGCCT-1	0	0	0	0	0
CGTACCACACACAC-1	0	0	0	0	0
CGTACCACACGTTG-1	0	0	0	0	3
CGTACCACCTCATT-1	0	0	0	0	3
CGTACCACGGAGCA-1	0	0	0	0	0
CGTACCTGGCATCA-1	1	3	1	3	2
CGTAGCCTCTCTCG-1	3	2	3	4	6
CGTAGCCTGCGAAG-1	0	0	0	0	0
CGTAGCCTGTATGC-1	3	2	3	2	5
CGTCAAGAAAGGTA-1	3	2	3	4	6
CGTCAAGAACGTGT-1	0	0	0	0	0
CGTCAAGACAGAGG-1	0	0	0	0	0
CGTCAAGACAGGAG-1	1	3	1	3	1
CGTCCATGCTCTTA-1	0	0	0	0	0
CGTCGACTTTCCGC-1	1	3	1	3	1
CGTGATGACGCTAA-1	0	0	0	0	3
CGTGATGAGGTTCA-1	0	0	0	0	0
CGTGCACTTATGGC-1	3	2	3	4	6
CGTGTAGAAAAACG-1	0	0	0	0	0
CGTGTAGACGATAC-1	1	3	1	3	2
CGTGTAGAGTTACG-1	1	3	1	3	2
CGTGTAGAGTTCAG-1	3	2	3	4	6
CGTGTAGATTCGGA-1	1	3	1	3	2
CGTTAGGAAACCAC-1	0	0	0	0	0
CGTTAGGATCATTC-1	3	2	3	4	6
CGTTATACCCTGAA-1	1	3	1	3	1
CGTTTAACTGGTCA-1	0	0	0	0	0
CTAAACCTCTGACA-1	1	3	1	3	2
CTAAACCTGTGCAT-1	2	1	2	1	4
CTAACACTAACGTC-1	0	0	0	0	0
CTAACACTAGTGCT-1	3	2	3	2	6
CTAACGGAACCGAT-1	1	3	1	3	2
CTAACGGATTTCTG-1	0	0	0	0	3
CTAACTACGGCAAG-1	0	0	0	0	3
CTAAGGACACCATG-1	0	0	0	0	3
CTAAGGACCGTTAG-1	0	0	0	0	0
CTAAGGACGCCATA-1	3	2	3	4	6
CTAAGGTGCCTAAG-1	2	1	2	1	4
CTAAGGTGTTGCAG-1	0	0	0	0	0
CTAAGGTGTTTCTG-1	0	0	0	0	3
CTAATAGAGCTATG-1	0	0	0	5	3
CTAATGCTTGTGGT-1	3	2	3	4	6
CTACAACTCCCGTT-1	1	3	1	3	1
CTACCTCTCAACCA-1	0	0	0	0	0
CTACGCACACCTAG-1	3	2	3	2	5
CTACGCACTCTCCG-1	0	0	0	0	0
CTACGCACTGGTCA-1	1	3	1	3	2
CTACGGCTTTCTTG-1	3	2	3	2	5
CTACTATGAACCAC-1	3	2	3	4	6
CTACTATGATGTGC-1	3	2	3	4	6
CTACTATGCTAAGC-1	0	0	0	3	1
CTACTATGTAAAGG-1	2	1	2	1	4
CTACTCCTATGTCG-1	1	3	1	3	2
CTACTCCTGCCATA-1	3	2	3	4	6
CTAGAGACACTTTC-1	0	0	0	0	0
CTAGAGACAGCATC-1	1	3	1	3	1
CTAGAGACTTTGGG-1	3	2	3	2	5
CTAGATCTCTCTAT-1	0	0	0	0	0
CTAGATCTTCGACA-1	0	0	0	0	0
CTAGGATGAGCCTA-1	2	1	2	1	4
CTAGGATGATCGTG-1	2	1	2	1	4
CTAGGCCTCTCAGA-1	0	0	0	0	0
CTAGGTGATGGTTG-1	3	2	3	2	5
CTAGTTACCAGAGG-1	0	0	0	0	3
CTAGTTACCGCATA-1	0	0	0	0	0
CTAGTTACGAAACA-1	1	3	1	3	2
CTATAAGATCGTTT-1	2	1	2	1	4
CTATACTGAGGTTC-1	3	2	3	4	6
CTATACTGCCAGTA-1	0	0	0	0	3
CTATACTGCGCTAA-1	3	2	3	4	6
CTATACTGCTACGA-1	1	3	1	3	2
CTATACTGTCTCAT-1	1	3	1	3	2
CTATACTGTTCGTT-1	0	0	0	0	0
CTATAGCTGTCACA-1	0	0	0	5	3
CTATAGCTTCGCTC-1	3	2	3	4	6
CTATAGCTTGCCTC-1	3	2	3	4	6
CTATCAACGAACTC-1	0	0	0	0	0
CTATCAACGCAGAG-1	0	0	0	0	0
CTATCAACTTTGGG-1	0	0	0	0	3
CTATCCCTCCACCT-1	3	2	3	4	6
CTATGTACGAGAGC-1	0	0	0	0	0
CTATGTACGCTTAG-1	0	0	0	0	3
CTATGTACTGTTTC-1	0	0	0	0	0
CTATGTTGAAAGCA-1	0	0	0	0	0
CTATGTTGTCCTCG-1	0	0	0	0	3
CTATGTTGTCTCGC-1	0	0	0	0	0
CTATTGACAAACGA-1	3	2	3	4	6
CTATTGACACTGGT-1	3	2	3	2	5
CTATTGACGGTGAG-1	3	2	3	2	5
CTATTGTGGCAAGG-1	0	0	0	0	3
CTCAATTGGTTCAG-1	0	0	0	0	0
CTCAATTGGTTGCA-1	3	2	3	4	6
CTCAGAGATAGAAG-1	0	0	0	0	0
CTCAGCACTCTAGG-1	0	0	0	0	0
CTCAGCACTGAACC-1	3	2	3	4	6
CTCAGCACTTGCAG-1	0	0	0	0	3
CTCAGCTGAACCTG-1	3	2	3	4	6
CTCAGCTGCAGTTG-1	0	0	0	0	3
CTCAGGCTCGTTGA-1	3	2	3	2	5
CTCAGGCTGCTAAC-1	0	0	0	0	3
CTCATTGACCTTAT-1	0	0	0	0	0
CTCATTGATGCTTT-1	3	2	3	2	5
CTCCACGAGAGATA-1	4	4	4	6	7
CTCCATCTCTTAGG-1	0	0	0	0	3
CTCCATCTGACGAG-1	0	0	0	0	0
CTCCGAACAAGTGA-1	3	2	3	2	5
CTCCTACTGCCTTC-1	3	2	3	4	6
CTCGAAGATGTGGT-1	0	0	0	0	3
CTCGAAGATTAGGC-1	3	2	3	4	6
CTCGACTGCTCTAT-1	0	0	0	5	3
CTCGACTGGGTGAG-1	0	0	0	0	3
CTCGACTGGTTGAC-1	1	3	1	3	2
CTCGAGCTCTGGAT-1	1	3	1	3	1
CTCGCATGACTTTC-1	0	0	0	3	1
CTCGCATGCTTAGG-1	0	0	0	0	0
CTCTAAACCTCGAA-1	0	0	0	0	3
CTCTAAACGGCGAA-1	0	0	0	0	3
CTCTAATGTCCAAG-1	3	2	3	4	6
CTGAACGACAGTCA-1	0	0	0	0	0
CTGAACGATGAGGG-1	0	0	0	0	0
CTGAAGACCCAACA-1	0	0	0	0	0
CTGAAGACGTGCAT-1	2	1	2	1	4
CTGAAGTGAAGCCT-1	3	2	3	2	5
CTGAAGTGCAGCTA-1	2	1	2	1	4
CTGAAGTGGCTATG-1	0	0	0	0	3
CTGAAGTGTCCAGA-1	0	0	0	0	0
CTGAATCTGAATAG-1	0	0	0	0	3
CTGACAGAATCGTG-1	1	3	1	3	1
CTGACCACAGCAAA-1	0	0	0	0	0
CTGAGAACCGGGAA-1	0	0	0	0	0
CTGAGAACGTAAAG-1	1	3	1	3	1
CTGATACTAGTAGA-1	0	0	0	0	3
CTGATTTGGTGTTG-1	3	2	3	4	6
CTGCAGCTAACCGT-1	0	0	0	0	3
CTGCAGCTGACACT-1	0	0	0	0	3
CTGCAGCTGGATTC-1	3	2	3	2	5
CTGCAGCTTGGCAT-1	0	0	0	3	0
CTGCCAACAGGAGC-1	1	3	1	3	1
CTGCCAACCAGCTA-1	0	0	0	0	0
CTGCCAACTAACCG-1	3	2	3	2	5
CTGCCAACTGCTCC-1	1	3	1	3	1
CTGCCAACTTGCAG-1	0	0	0	0	3
CTGCCAACTTGCTT-1	1	3	1	3	1
CTGCGACTCCACCT-1	1	3	1	3	1
CTGGAAACAAACGA-1	1	3	1	3	1
CTGGAAACATCGAC-1	0	0	0	0	0
CTGGATGACTGGAT-1	1	3	1	3	1
CTGGATGACTTGTT-1	0	0	0	0	0
CTGGATGATGTGAC-1	2	1	2	1	4
CTGGCACTCAAGCT-1	3	2	3	4	6
CTGTAACTAACCAC-1	0	0	0	0	3
CTGTAACTAGCGTT-1	0	0	0	0	3
CTGTATACGTAAAG-1	0	0	0	0	3
CTGTATACGTACGT-1	3	2	3	4	6
CTGTATACGTTGGT-1	0	0	0	0	0
CTGTGAGACAACCA-1	3	2	3	2	5
CTGTGAGACCTTGC-1	1	3	1	3	1
CTGTGAGACGAACT-1	3	2	3	4	6
CTGTGAGACTGTAG-1	3	2	3	4	6
CTTAAAGAACCTGA-1	0	0	0	0	3
CTTAACACCTGTAG-1	0	0	0	0	3
CTTAACACTATCGG-1	2	1	2	1	4
CTTAAGCTACCTAG-1	0	0	0	0	0
CTTAAGCTAGTACC-1	0	0	0	0	0
CTTAAGCTCATCAG-1	0	0	0	0	3
CTTAAGCTCCGCTT-1	2	1	2	1	4
CTTACAACTAACGC-1	0	0	0	0	0
CTTACAACTCCCGT-1	3	2	3	4	6
CTTACTGACGTACA-1	0	0	0	0	3
CTTAGACTAAACGA-1	0	0	0	0	0
CTTAGGGACTTGCC-1	0	0	0	0	0
CTTAGGGAGAATCC-1	0	0	0	0	3
CTTATCGACTCATT-1	0	0	0	0	0
CTTCACCTACCTGA-1	3	2	3	2	5
CTTCATGAAGCATC-1	2	1	2	1	4
CTTCATGAAGTACC-1	0	0	0	5	3
CTTCATGACCGAAT-1	1	3	1	3	1
CTTGAACTACGCAT-1	0	0	0	0	3
CTTGATTGAGGTTC-1	1	3	1	3	1
CTTGATTGATCTTC-1	3	2	3	4	6
CTTGATTGCATTCT-1	0	0	0	0	0
CTTGATTGTTTCGT-1	0	0	0	0	0
CTTGTATGACACCA-1	2	1	2	1	4
CTTGTATGCGCAAT-1	2	1	2	1	4
CTTTACGAGCGAAG-1	0	0	0	0	3
CTTTAGACCGTGAT-1	0	0	0	5	3
CTTTAGACGAGACG-1	0	0	0	0	3
CTTTAGACGATACC-1	0	0	0	0	3
CTTTAGACGTTGGT-1	0	0	0	3	0
CTTTAGACTCATTC-1	1	3	1	3	1
CTTTAGTGACGGGA-1	1	3	1	3	2
CTTTAGTGGGTGGA-1	0	0	0	0	3
CTTTCAGAGAAACA-1	0	0	0	0	0
CTTTGATGAGCACT-1	0	0	0	0	3
CTTTGATGTCTAGG-1	1	0	1	3	0
CTTTGATGTGTCCC-1	0	0	0	0	0
CTTTGATGTGTGGT-1	0	0	0	0	3
GAAACAGAACTACG-1	0	0	0	0	0
GAAACAGAATCACG-1	0	0	0	0	3
GAAACAGACATTCT-1	0	0	0	0	0
GAAACCTGATCGTG-1	0	0	0	0	3
GAAACCTGATGCCA-1	0	0	0	0	0
GAAACCTGCTTATC-1	0	0	0	0	0
GAAACCTGGACTAC-1	3	2	3	2	5
GAAACCTGTGCTAG-1	0	0	0	0	0
GAAAGATGATTTCC-1	0	0	0	0	3
GAAAGATGCTGATG-1	3	2	3	2	5
GAAAGATGCTTCGC-1	3	2	3	4	6
GAAAGATGTAAGGA-1	0	0	0	5	3
GAAAGCCTACGTTG-1	2	1	2	1	4
GAAAGTGAAAGTGA-1	4	4	4	6	7
GAAAGTGACCACAA-1	3	2	3	4	6
GAAAGTGACTCAAG-1	0	0	0	0	0
GAAATACTACCAAC-1	3	2	3	4	6
GAAATACTCTTAGG-1	2	1	2	1	4
GAAATACTTCCTCG-1	0	0	0	0	0
GAACACACGTGCAT-1	3	2	3	2	5
GAACACACTGCCTC-1	0	0	0	0	3
GAACAGCTAACTGC-1	3	2	3	2	5
GAACAGCTCTCAGA-1	3	2	3	2	5
GAACCAACCACAAC-1	1	0	1	5	3
GAACCAACTTCCGC-1	1	3	1	3	2
GAACCTGAACGTGT-1	0	0	0	0	0
GAACCTGAGAGACG-1	0	0	0	0	3
GAACCTGATGAACC-1	0	0	0	0	0
GAACGGGATACTTC-1	0	0	0	0	3
GAACTGTGACCTGA-1	3	2	3	2	5
GAACTGTGCCAGTA-1	3	2	3	4	6
GAAGAATGCAATCG-1	0	0	0	0	3
GAAGCGGACCTATT-1	3	2	3	4	6
GAAGCTACGAATGA-1	3	2	3	4	6
GAAGCTACGGTTTG-1	0	0	0	0	0
GAAGGGTGAAAGTG-1	0	0	0	0	0
GAAGGGTGCTTAGG-1	3	2	3	4	6
GAAGGTCTGAAAGT-1	0	0	0	0	0
GAAGGTCTGTTGCA-1	0	0	0	0	3
GAAGGTCTTAAAGG-1	4	4	4	6	7
GAAGTAGACTCCCA-1	1	3	1	3	1
GAAGTAGATCCAAG-1	3	2	3	2	5
GAAGTCACCCTCGT-1	3	2	3	4	6
GAAGTCACCCTGTC-1	2	1	2	1	4
GAAGTCTGTCGCAA-1	2	1	2	1	4
GAAGTCTGTTCTGT-1	0	0	0	0	3
GAAGTGCTAAACGA-1	1	3	1	3	2
GAAGTGCTCCGCTT-1	3	2	3	4	6
GAAGTGCTTAACCG-1	0	0	0	0	0
GAATGCACCCTAAG-1	0	0	0	0	0
GAATGCACCTTCGC-1	1	3	1	3	2
GAATGCTGCGGTAT-1	0	0	0	0	3
GAATTAACGATAAG-1	0	0	0	0	3
GAATTAACGGTCAT-1	0	0	0	0	3
GAATTAACGTCGTA-1	1	3	1	3	2
GAATTAACTGAAGA-1	2	1	2	1	4
GACAACACAGGCGA-1	0	0	0	0	3
GACAACACATCGTG-1	0	0	0	0	0
GACAACACTCGCCT-1	0	0	0	0	3
GACAACTGAGGTTC-1	0	0	0	0	0
GACAGGGAAGAGTA-1	2	1	2	1	4
GACAGGGAATGCCA-1	0	0	0	0	0
GACAGTACGAGCTT-1	3	2	3	2	5
GACAGTACTTCGGA-1	3	2	3	2	5
GACAGTTGAGTAGA-1	2	1	2	1	4
GACATTCTCCACCT-1	4	4	4	6	7
GACCAAACGACTAC-1	3	2	3	4	6
GACCAAACGTATCG-1	3	2	3	4	6
GACCCTACTAAAGG-1	2	1	2	1	4
GACCTAGACCTCAC-1	0	0	0	0	3
GACCTAGACGAGAG-1	0	0	0	0	0
GACCTCACAAGGTA-1	0	0	0	0	3
GACCTCACGTACGT-1	3	2	3	2	5
GACCTCTGCATCAG-1	0	0	0	0	0
GACGAACTCCCACT-1	0	0	0	0	3
GACGATTGCCAATG-1	2	1	2	1	4
GACGCCGACCTTCG-1	0	0	0	0	0
GACGCTCTCTCTCG-1	5	5	5	7	8
GACGGCACACGGGA-1	1	3	1	3	2
GACGGCACGAGATA-1	3	2	3	4	6
GACGTAACCTATGG-1	0	0	0	0	0
GACGTAACCTGTGA-1	0	0	0	0	0
GACGTAACTATGGC-1	0	0	0	0	0
GACGTATGTTGACG-1	0	0	0	0	0
GACGTATGTTTGCT-1	0	0	0	0	3
GACGTCCTACGGAG-1	0	0	0	0	0
GACGTCCTCTCAAG-1	3	2	3	4	6
GACGTCCTGATAAG-1	2	1	2	1	4
GACTACGATGGTCA-1	2	1	2	1	4
GACTCCTGCTCGCT-1	0	0	0	0	3
GACTCCTGGGTTAC-1	0	0	0	0	0
GACTCCTGTTATCC-1	0	0	0	0	0
GACTCCTGTTGGTG-1	3	2	3	4	6
GACTGAACCAATCG-1	3	2	3	4	6
GACTGATGTGATGC-1	0	0	0	0	3
GACTTTACATGCCA-1	0	0	0	0	3
GACTTTACGACAGG-1	2	1	2	1	4
GAGAAATGTTCTCA-1	2	1	2	1	4
GAGATAGAAAAAGC-1	3	2	3	4	6
GAGATCACGACAAA-1	3	2	3	2	5
GAGATGCTCTGGAT-1	1	3	1	3	1
GAGATGCTGAATGA-1	0	0	0	0	0
GAGCAGGATTCCCG-1	1	3	1	3	1
GAGCATACTTTGCT-1	3	2	3	2	5
GAGCGCACGCGTAT-1	3	2	3	4	6
GAGCGCACGGTGAG-1	1	3	1	3	1
GAGCGCTGAAGATG-1	1	3	1	3	2
GAGCGCTGTCTTAC-1	3	2	3	4	6
GAGCGGCTGGGAGT-1	2	1	2	1	4
GAGGACGACTCAGA-1	1	3	1	3	1
GAGGATCTGAAAGT-1	2	1	2	1	4
GAGGCAGACTTGCC-1	1	3	1	3	1
GAGGGAACACCAGT-1	0	0	0	0	0
GAGGGAACGAGGGT-1	0	0	0	0	0
GAGGGATGGGAAAT-1	0	0	0	0	3
GAGGGCCTTCACCC-1	0	0	0	0	0
GAGGGTGAAGAGTA-1	0	0	0	0	3
GAGGTACTACGGTT-1	0	0	0	0	3
GAGGTACTACTCAG-1	3	2	3	4	6
GAGGTACTGACACT-1	1	3	1	3	2
GAGGTACTGGGAGT-1	0	0	0	0	0
GAGGTACTTAGCGT-1	3	2	3	4	6
GAGGTGGAGTACGT-1	0	0	0	0	3
GAGGTGGATCCTCG-1	1	3	1	3	2
GAGGTTACTCGTTT-1	3	2	3	4	6
GAGGTTTGTAAGCC-1	3	2	3	4	6
GAGTCAACCATTCT-1	0	0	0	0	3
GAGTCAACGGGAGT-1	0	0	0	0	0
GAGTCTGATCGTGA-1	0	0	0	0	0
GAGTCTGATTTGGG-1	2	1	2	1	4
GAGTGACTCAGCTA-1	0	0	0	0	0
GAGTGACTCGGTAT-1	1	3	1	3	1
GAGTGACTCTTGCC-1	2	1	2	1	4
GAGTGACTGACTAC-1	2	1	2	1	4
GAGTGACTGTCTAG-1	0	0	0	0	0
GAGTGGGAGTCTTT-1	2	1	2	1	4
GAGTGGGATGCCCT-1	0	0	0	0	3
GAGTGGGATGCTGA-1	2	1	2	1	4
GAGTGTTGCTGTAG-1	0	0	0	0	0
GAGTGTTGTGGTCA-1	0	0	0	0	3
GAGTTGTGCATGGT-1	3	2	3	4	6
GAGTTGTGCTGAGT-1	1	3	1	3	1
GAGTTGTGGCGAGA-1	3	2	3	4	6
GAGTTGTGGTAGCT-1	5	5	5	7	8
GAGTTGTGTATGCG-1	3	2	3	2	5
GATAAGGAGAAACA-1	3	2	3	4	6
GATAAGGATTCACT-1	3	2	3	4	6
GATACTCTATCGGT-1	0	0	0	0	3
GATACTCTTACTTC-1	0	0	0	0	0
GATACTCTTGACTG-1	3	2	3	4	6
GATAGAGAAGGGTG-1	1	3	1	3	2
GATAGAGACTGTGA-1	0	0	0	0	0
GATAGAGATCACGA-1	4	4	4	6	7
GATAGCACCCATAG-1	0	0	0	0	0
GATAGCACGAAGGC-1	3	2	3	2	5
GATAGCACTTGTCT-1	0	0	0	0	3
GATATAACAAGGTA-1	0	0	0	0	0
GATATAACACGCAT-1	0	0	0	0	3
GATATATGCTGGAT-1	0	0	0	0	3
GATATATGTCCGTC-1	1	3	1	3	1
GATATATGTGGAGG-1	3	2	3	4	6
GATATCCTAGAAGT-1	0	0	0	0	3
GATATCCTCCCGTT-1	3	2	3	4	6
GATATTGACAGGAG-1	0	0	0	3	1
GATATTGACGAGTT-1	3	2	3	2	5
GATATTGAGCCAAT-1	0	0	0	0	3
GATCCCTGACCTTT-1	1	3	1	3	2
GATCCCTGTGTAGC-1	1	0	1	3	1
GATCCGCTGGTCAT-1	3	2	3	4	6
GATCGAACCGAGAG-1	0	0	0	0	0
GATCGATGACTAGC-1	2	1	2	1	4
GATCGATGGTAAAG-1	2	1	2	1	4
GATCGATGTAAGGA-1	3	2	3	4	6
GATCGTGACACTAG-1	0	0	0	0	0
GATCGTGATTCACT-1	0	0	0	0	0
GATCTACTGGTGAG-1	0	0	0	0	3
GATCTACTTTGCAG-1	2	1	2	1	4
GATCTTACACCCAA-1	3	2	3	2	5
GATCTTACCCTACC-1	0	0	0	0	0
GATCTTACGAATAG-1	3	2	3	4	6
GATCTTACGAGATA-1	3	2	3	4	6
GATGCAACTCCAGA-1	0	0	0	0	0
GATGCCCTACGTAC-1	0	0	0	0	0
GATGCCCTCTCATT-1	0	0	0	0	0
GATGCCCTGGCAAG-1	3	2	3	4	6
GATGCCCTTTTGCT-1	0	0	0	0	3
GATTACCTTGTTCT-1	0	0	0	0	3
GATTCGGAACGACT-1	0	0	0	0	3
GATTCGGACAGGAG-1	3	2	3	4	6
GATTCGGAGAAGGC-1	3	2	3	2	5
GATTCTTGATTCGG-1	3	2	3	4	6
GATTCTTGCCGATA-1	0	0	0	0	0
GATTCTTGCGAGTT-1	2	1	2	1	4
GATTGGACCCGTTC-1	2	1	2	1	4
GATTGGACGGTGTT-1	2	1	2	1	4
GATTGGACTTTCGT-1	2	1	2	1	4
GATTGGTGTGTCAG-1	0	0	0	0	0
GATTTAGACACTCC-1	3	2	3	2	5
GATTTAGACTAAGC-1	2	1	2	1	4
GATTTAGATTCGTT-1	3	2	3	4	6
GATTTGCTAACGAA-1	0	0	0	0	0
GATTTGCTAACGGG-1	3	2	3	4	6
GCAACCCTCCTCGT-1	3	2	3	4	6
GCAACTGATTGCGA-1	0	0	0	0	0
GCAAGACTACTGGT-1	0	0	0	0	0
GCAAGACTAGGTCT-1	0	0	0	0	0
GCAAGACTCCCTTG-1	0	0	0	0	0
GCAATCGACTGCAA-1	0	0	0	3	1
GCAATCGAGACGTT-1	3	2	3	2	5
GCAATCGATCCTTA-1	3	2	3	2	5
GCAATTCTCGTGTA-1	0	0	0	0	3
GCAATTCTTCTCCG-1	0	0	0	0	0
GCACAAACAATGCC-1	0	0	0	0	1
GCACAAACGGTACT-1	0	0	0	0	3
GCACAATGGTGCAT-1	4	4	4	6	7
GCACACCTGTGCTA-1	1	3	1	3	2
GCACCACTCATGAC-1	3	2	3	4	6
GCACCACTGTTTGG-1	3	2	3	4	6
GCACCACTTCCTTA-1	1	3	1	3	2
GCACCACTTTCGGA-1	3	2	3	4	6
GCACCTACGCGATT-1	0	0	0	0	0
GCACCTTGGCTGTA-1	0	0	0	0	0
GCACCTTGGGGAGT-1	3	2	3	2	5
GCACGGACCAGCTA-1	0	0	0	0	0
GCACGGTGACCTCC-1	0	0	0	0	0
GCACGGTGCTATGG-1	3	2	3	4	6
GCACTAGAACGGGA-1	0	0	0	0	0
GCACTAGAAGATGA-1	2	1	2	1	4
GCACTAGACCTTTA-1	3	2	3	2	5
GCACTAGACGTAAC-1	2	1	2	1	4
GCACTAGAGTCGTA-1	1	3	1	3	2
GCACTAGATGCAAC-1	0	0	0	0	0
GCACTGCTGAGGCA-1	1	3	1	3	1
GCAGATACAGCGTT-1	1	3	1	3	1
GCAGATACGACGGA-1	0	0	0	0	0
GCAGATACGCAGAG-1	0	0	0	0	0
GCAGCCGACAGTCA-1	0	0	0	0	0
GCAGCGTGCACTCC-1	0	0	0	0	0
GCAGCTCTCAATCG-1	0	0	0	0	3
GCAGCTCTGTTTCT-1	0	0	0	0	0
GCAGGGCTAAGAAC-1	0	0	0	0	3
GCAGGGCTAAGGGC-1	0	0	0	0	0
GCAGGGCTATCGAC-1	1	3	1	3	2
GCAGGGCTTGGGAG-1	1	3	1	3	1
GCAGTCCTAACTGC-1	0	0	0	0	0
GCAGTCCTCTCTTA-1	0	0	0	0	1
GCATCAGATGCGTA-1	1	3	1	3	1
GCATGTGACAAGCT-1	0	0	0	0	3
GCATTGGAGAAGGC-1	0	0	0	0	0
GCCAAAACGAGGCA-1	1	3	1	3	1
GCCAAATGATCGAC-1	1	0	1	3	1
GCCAACCTACGGTT-1	0	0	0	0	0
GCCAACCTCGCCTT-1	0	0	0	0	3
GCCACGGAGGCGAA-1	3	2	3	4	6
GCCACGGATACTGG-1	0	0	0	0	3
GCCACTACGTCTTT-1	0	0	0	0	0
GCCCAACTACCGAT-1	0	0	0	0	0
GCCCAACTATGGTC-1	1	3	1	3	1
GCCCATACAGCGTT-1	0	0	0	0	0
GCCGACGAACTCTT-1	3	2	3	4	6
GCCGAGTGCGTTGA-1	1	0	1	3	0
GCCGGAACGAACTC-1	1	3	1	3	1
GCCGGAACGTTCTT-1	1	3	1	3	2
GCCGGAACTGCACA-1	1	3	1	3	1
GCCGGAACTTACTC-1	0	0	0	0	0
GCCGTACTACCTGA-1	0	0	0	0	3
GCCGTACTGGCAAG-1	3	2	3	4	6
GCCTACACAGTTCG-1	1	3	1	3	2
GCCTACACCACTGA-1	3	2	3	2	5
GCCTACACCTTGAG-1	0	0	0	0	3
GCCTAGCTACGGAG-1	2	1	2	1	4
GCCTAGCTCTATTC-1	0	0	0	0	0
GCCTAGCTTCTCAT-1	0	0	0	0	0
GCCTAGCTTCTCTA-1	3	2	3	2	5
GCCTCAACCATGGT-1	0	0	0	0	0
GCCTCAACTCTTTG-1	0	0	0	0	0
GCCTCATGTCTTAC-1	1	3	1	3	1
GCCTGACTCTCAAG-1	3	2	3	4	6
GCGAAGGAACTCTT-1	0	0	0	0	3
GCGAAGGATGCCAA-1	0	0	0	0	3
GCGAGAGAGGGACA-1	0	0	0	0	3
GCGAGCACTGTCGA-1	2	1	2	1	4
GCGAGCACTTGACG-1	0	0	0	0	0
GCGAGCACTTGCTT-1	3	2	3	4	6
GCGATATGGTACGT-1	0	0	0	0	0
GCGATATGGTGTTG-1	0	0	0	0	3
GCGCACGAAGTCGT-1	0	0	0	0	3
GCGCACGACTTTAC-1	3	2	3	4	6
GCGCATCTAGGTCT-1	0	0	0	5	3
GCGCATCTGGTTAC-1	5	5	5	7	8
GCGCATCTTCGATG-1	0	0	0	0	0
GCGCATCTTGCTCC-1	1	3	1	3	2
GCGCATCTTTCTAC-1	0	0	0	0	0
GCGCGAACGTTCTT-1	2	1	2	1	4
GCGCGATGAACGGG-1	0	0	0	0	0
GCGCGATGGTGCAT-1	1	3	1	3	2
GCGGAGCTCCTGAA-1	0	0	0	0	0
GCGGCAACCCGATA-1	0	0	0	0	0
GCGGCAACGGAGGT-1	2	1	2	1	4
GCGGCAACTGTCGA-1	3	2	3	4	6
GCGTAAACACGGTT-1	4	4	4	6	7
GCGTAATGCACCAA-1	3	2	3	2	5
GCGTATGAACACCA-1	0	0	0	0	3
GCGTATGATGAGAA-1	3	2	3	4	5
GCTACAGAAAGGTA-1	0	0	0	0	3
GCTACAGAATCTTC-1	2	1	2	1	4
GCTACCTGAGAAGT-1	3	2	3	4	6
GCTACCTGATCACG-1	0	0	0	0	0
GCTACGCTAGAATG-1	0	0	0	0	3
GCTACGCTAGCTAC-1	0	0	0	0	1
GCTACGCTCCCTAC-1	0	0	0	0	0
GCTAGAACAGAGGC-1	2	1	2	1	4
GCTAGAACGGATCT-1	0	0	0	0	0
GCTAGAACTCCCGT-1	0	0	0	5	3
GCTAGATGAGCTCA-1	3	2	3	4	6
GCTAGATGGCGATT-1	1	3	1	3	1
GCTATACTAAGGCG-1	0	0	0	0	0
GCTATACTAGCGTT-1	1	3	1	3	1
GCTATACTCTCTTA-1	0	0	0	0	3
GCTATACTGGACGA-1	0	0	0	0	0
GCTCAAGAACCATG-1	3	2	3	2	5
GCTCAAGAAGTCAC-1	3	2	3	2	5
GCTCAGCTGTCTAG-1	0	0	0	0	3
GCTCCATGAGAAGT-1	1	3	1	3	1
GCTCCATGCCGAAT-1	0	0	0	0	3
GCTCGACTCTAGTG-1	3	2	3	4	6
GCTGATGAGGTATC-1	3	2	3	4	6
GCTTAACTACAGTC-1	3	2	3	4	6
GCTTAACTACTGGT-1	1	3	1	3	1
GCTTAACTGCTGAT-1	0	0	0	0	0
GCTTAACTTAGACC-1	3	2	3	4	6
GCTTAACTTCAGTG-1	0	0	0	0	3
GGAACACTCACTTT-1	3	2	3	4	6
GGAACACTTCAGAC-1	5	5	5	7	8
GGAACTACTACTTC-1	0	0	0	0	0
GGAACTTGAAGGTA-1	3	2	3	4	6
GGAACTTGAGAATG-1	0	0	0	0	0
GGAACTTGCTCCAC-1	3	2	3	4	6
GGAACTTGGGTAGG-1	2	1	2	1	4
GGAAGGACATCGGT-1	3	2	3	4	6
GGAAGGACCACTAG-1	0	0	0	0	0
GGAAGGACGAGGGT-1	0	0	0	0	0
GGAAGGACGCGAAG-1	0	0	0	0	3
GGAAGGTGGCGAGA-1	1	3	1	3	2
GGAATCTGAAGGGC-1	0	0	0	0	3
GGAATCTGAGGAGC-1	0	0	0	0	3
GGAATCTGCTTAGG-1	2	1	2	1	4
GGAATCTGCTTGTT-1	3	2	3	4	6
GGAATCTGGGAGGT-1	0	0	0	0	0
GGAATGCTTTCTAC-1	0	0	0	0	3
GGACAGGAAAGGGC-1	1	3	1	3	1
GGACAGGAGTGCTA-1	2	1	2	1	4
GGACAGGATCTCGC-1	0	0	0	0	0
GGACCCGAAGCTAC-1	3	2	3	4	6
GGACCGTGCTTACT-1	3	2	3	4	6
GGACCGTGGGAACG-1	4	4	4	6	7
GGACCGTGTAACGC-1	0	0	0	0	0
GGACCTCTGTAAGA-1	3	2	3	4	6
GGACCTCTTTTCTG-1	1	3	1	3	1
GGACGAGAGTGTCA-1	3	2	3	4	6
GGACGCTGACGCAT-1	1	3	1	3	1
GGACGCTGCTAGCA-1	0	0	0	0	3
GGACGCTGTCCTCG-1	1	3	1	3	2
GGAGAGACGTGAGG-1	0	0	0	0	0
GGAGCAGATTCAGG-1	2	1	2	1	4
GGAGCCACCTTCTA-1	2	1	2	1	4
GGAGCGCTACGCAT-1	3	2	3	2	5
GGAGCGCTCCGAAT-1	0	0	0	0	0
GGAGGATGCCACCT-1	0	0	0	5	3
GGAGGATGGTTGAC-1	3	2	3	4	6
GGAGGATGTCAGTG-1	3	2	3	4	6
GGAGGCCTCGTTGA-1	1	3	1	3	2
GGAGGCCTTTCTTG-1	0	0	0	0	0
GGAGGTGATACGCA-1	0	0	0	0	3
GGAGGTGATCGCTC-1	0	0	0	0	0
GGATACTGCAGCTA-1	0	0	0	0	0
GGATACTGTCTAGG-1	0	0	0	0	0
GGATAGCTCGTCTC-1	0	0	0	0	0
GGATAGCTCTGAAC-1	1	3	1	3	1
GGATGTACCAAAGA-1	2	1	2	1	4
GGATGTACGCGAAG-1	0	0	0	0	3
GGATGTACGTCTTT-1	3	2	3	4	6
GGATGTACGTGTCA-1	1	3	1	3	1
GGATTTCTAGGTTC-1	0	0	0	0	0
GGATTTCTTTGTCT-1	3	2	3	2	5
GGCAAGGAAAAAGC-1	1	3	1	3	2
GGCAAGGAAGAAGT-1	0	0	0	0	0
GGCAAGGACTTGGA-1	3	2	3	4	6
GGCAAGGAGGACTT-1	0	0	0	0	3
GGCAATACGCTAAC-1	2	1	2	1	4
GGCAATACGGCATT-1	1	3	1	3	1
GGCAATACGTTTCT-1	2	1	2	1	4
GGCACGTGGCTTAG-1	3	2	3	2	5
GGCACTCTTTTGTC-1	0	0	0	0	0
GGCATATGCTTATC-1	1	3	1	3	2
GGCATATGGGGAGT-1	5	5	5	7	8
GGCATATGTGTGAC-1	0	0	0	0	0
GGCCACGACAGAGG-1	0	0	0	0	3
GGCCAGACTGGTTG-1	0	0	0	0	0
GGCCCAGAAAGTAG-1	3	2	3	4	6
GGCCGAACAACGAA-1	0	0	0	0	0
GGCCGAACGCAGAG-1	0	0	0	0	3
GGCCGAACGTAGGG-1	0	0	0	0	3
GGCCGAACTCTAGG-1	1	3	1	3	2
GGCCGATGCAGGAG-1	0	0	0	0	0
GGCCGATGCCGAAT-1	0	0	0	0	0
GGCCGATGTACTCT-1	1	3	1	3	1
GGCGACACTGCCCT-1	1	3	1	3	2
GGCGACTGCGTAAC-1	0	0	0	0	0
GGCGCATGCCTAAG-1	3	2	3	2	5
GGCGCATGCTCCAC-1	0	0	0	0	3
GGCGCATGTGGAAA-1	0	0	0	0	3
GGCGGACTAGAGGC-1	0	0	0	0	0
GGCGGACTAGGAGC-1	0	0	0	3	1
GGCGGACTCTGACA-1	0	0	0	0	3
GGCGGACTCTTGGA-1	1	3	1	3	1
GGCGGACTTACTGG-1	0	0	0	0	3
GGCGGACTTGAACC-1	0	0	0	0	3
GGCTAAACACCTGA-1	1	3	1	3	2
GGCTAAACTCTTAC-1	0	0	0	0	3
GGCTAATGAGCACT-1	1	3	1	3	1
GGCTAATGGTCTAG-1	0	0	0	0	3
GGCTCACTACTCAG-1	3	2	3	4	6
GGGAACGAAGCTCA-1	3	2	3	2	5
GGGAACGACACAAC-1	2	1	2	1	4
GGGAACGAGTGTCA-1	3	2	3	4	6
GGGAAGTGTTGAGC-1	3	2	3	4	6
GGGACCACACGTTG-1	1	3	1	3	1
GGGACCACAGAACA-1	0	0	0	0	1
GGGACCACGAATAG-1	0	0	0	0	0
GGGACCACGTCATG-1	0	0	0	0	3
GGGACCACTCAAGC-1	0	0	0	0	3
GGGACCACTCGTGA-1	0	0	0	0	3
GGGACCACTGCATG-1	0	0	0	0	3
GGGACCTGACCCTC-1	3	2	3	4	6
GGGACCTGCTTGCC-1	0	0	0	0	3
GGGACCTGTGGAGG-1	2	1	2	1	4
GGGATGGACGACAT-1	2	1	2	1	4
GGGATGGATACTTC-1	0	0	0	0	0
GGGATGGATGGTTG-1	3	2	3	4	6
GGGATTACGTCTAG-1	0	0	0	0	0
GGGCAAGATGCATG-1	3	2	3	4	6
GGGCACACGGTGAG-1	3	2	3	2	5
GGGCACACGTTGCA-1	0	0	0	0	0
GGGCAGCTTGGGAG-1	0	0	0	0	0
GGGCAGCTTTTCTG-1	0	0	0	0	3
GGGCCAACCTTGGA-1	4	4	4	6	7
GGGCCAACGCGTTA-1	2	1	2	1	4
GGGCCAACTACGCA-1	3	2	3	4	6
GGGCCAACTCCAAG-1	2	1	2	1	4
GGGCCATGATGGTC-1	1	0	1	3	1
GGGCCATGTTGACG-1	0	0	0	0	0
GGGTAACTCAGCTA-1	0	0	0	0	0
GGGTAACTCTAGTG-1	2	1	2	1	4
GGGTAACTCTGGAT-1	0	0	0	0	3
GGGTTAACGTGCAT-1	1	3	1	3	2
GGTAAAGAGCTAAC-1	1	3	1	3	2
GGTACAACTGCAAC-1	0	0	0	0	0
GGTACATGAAAGCA-1	2	1	2	1	4
GGTACATGAGCTCA-1	0	0	0	0	1
GGTACATGCGGTAT-1	0	0	0	0	3
GGTACATGGTTACG-1	0	0	0	0	0
GGTACATGTGGGAG-1	0	0	0	0	0
GGTACTGAACTCTT-1	3	2	3	4	6
GGTAGTACACCACA-1	1	3	1	3	1
GGTAGTACACTAGC-1	3	2	3	4	6
GGTAGTACCCTGTC-1	0	0	0	0	3
GGTAGTACGCCATA-1	3	2	3	4	6
GGTAGTACTGTCTT-1	0	0	0	0	3
GGTATCGAGACAAA-1	3	2	3	4	6
GGTATCGATGAACC-1	2	1	2	1	4
GGTCAAACCAAAGA-1	0	0	0	0	0
GGTCTAGAGAAACA-1	3	2	3	4	6
GGTCTAGATAGCGT-1	3	2	3	2	5
GGTGATACCGACTA-1	2	1	2	1	4
GGTGATACGACTAC-1	3	2	3	4	6
GGTGATACTGTTTC-1	0	0	0	0	3
GGTGGAGAAACGGG-1	1	3	1	3	2
GGTGGAGAAGTAGA-1	0	0	0	0	0
GGTGGAGACAGATC-1	1	3	1	3	2
GGTGGAGATCGATG-1	0	0	0	0	0
GGTGGAGATCTCTA-1	3	2	3	4	6
GGTGGAGATTACTC-1	1	3	1	3	1
GGTTTACTACGCAT-1	1	3	1	3	1
GTAACGTGACCTCC-1	3	2	3	4	6
GTAACGTGATCGGT-1	2	1	2	1	4
GTAACGTGCAGCTA-1	2	1	2	1	4
GTAACGTGGTTGAC-1	2	1	2	1	4
GTAAGCACAACGGG-1	0	0	0	0	0
GTAAGCACTCATTC-1	2	1	2	1	4
GTAAGCTGGTACCA-1	3	2	3	4	6
GTAATAACCTTCTA-1	3	2	3	4	6
GTAATAACGTTGTG-1	0	0	0	5	3
GTACCCTGACAGTC-1	3	2	3	2	5
GTACCCTGGAGCTT-1	0	0	0	0	0
GTACCCTGTCCTTA-1	1	3	1	3	1
GTACCCTGTGAACC-1	0	0	0	0	3
GTACGTGAACGTTG-1	1	3	1	3	1
GTACTTTGTCGACA-1	1	3	1	3	1
GTAGACTGAGATGA-1	3	2	3	4	6
GTAGACTGTATTCC-1	0	0	0	0	3
GTAGCAACAGTCGT-1	3	2	3	4	6
GTAGCAACCATTTC-1	2	1	2	1	4
GTAGCAACGGTAGG-1	3	2	3	4	6
GTAGCATGCACTCC-1	2	1	2	1	4
GTAGCATGTAAGCC-1	3	2	3	4	6
GTAGCCCTGACGTT-1	0	0	0	0	3
GTAGCTGAAGCTAC-1	3	2	3	2	5
GTAGCTGAATTCGG-1	0	0	0	0	0
GTAGGTACACGGGA-1	3	2	3	4	6
GTAGTGACCTCATT-1	0	0	0	0	3
GTAGTGTGAGCGGA-1	1	3	1	3	2
GTAGTGTGAGGCGA-1	3	2	3	4	6
GTAGTGTGTGGTTG-1	0	0	0	0	3
GTATCACTGGTAGG-1	3	2	3	4	6
GTATCTACAGAAGT-1	1	3	1	3	2
GTATCTACGACGAG-1	1	3	1	3	1
GTATCTACGTTACG-1	0	0	0	0	0
GTATTAGAAACAGA-1	0	0	0	0	0
GTATTAGAGGTCTA-1	0	0	0	0	3
GTATTCACACAGCT-1	0	0	0	0	3
GTATTCACGGGTGA-1	1	3	1	3	1
GTCAACGACACTGA-1	0	0	0	0	0
GTCAACGAGTGTAC-1	3	2	3	4	6
GTCAATCTACACCA-1	1	3	1	3	1
GTCAATCTGTAGCT-1	0	0	0	0	0
GTCAATCTTGTGGT-1	0	0	0	0	3
GTCACCTGCCTCCA-1	0	0	0	0	3
GTCACCTGTCCCGT-1	0	0	0	0	0
GTCATACTAATCGC-1	2	1	2	1	4
GTCATACTGCGATT-1	1	3	1	3	1
GTCATACTTCGCCT-1	5	5	5	7	8
GTCATACTTTACCT-1	1	3	1	3	1
GTCATACTTTGACG-1	0	0	0	0	0
GTCCAAGAAAAACG-1	0	0	0	0	3
GTCCACTGACCTCC-1	0	0	0	0	0
GTCCACTGGGTACT-1	3	2	3	2	5
GTCCAGCTACGGGA-1	0	0	0	0	3
GTCCCATGTGGTGT-1	3	2	3	2	5
GTCGAATGAAGGCG-1	3	2	3	4	5
GTCGACCTGAATGA-1	1	3	1	3	2
GTCGACCTGTTCAG-1	0	0	0	0	3
GTCGCACTTGAGAA-1	2	1	2	1	4
GTCTAACTGGTCTA-1	3	2	3	2	5
GTCTAGGAGCTTCC-1	3	2	3	4	6
GTGAACACACTCTT-1	0	0	0	0	3
GTGAACACTCAGGT-1	0	0	0	0	3
GTGACCCTTAAGCC-1	0	0	0	0	0
GTGATGACAAGTGA-1	0	0	0	0	0
GTGATGACCTGAGT-1	2	1	2	1	4
GTGATGACGGTTTG-1	1	3	1	3	1
GTGATTCTCATTTC-1	0	0	0	0	0
GTGATTCTCTCTCG-1	3	2	3	4	6
GTGATTCTGGTTCA-1	1	3	1	3	2
GTGATTCTGTCGAT-1	0	0	0	0	3
GTGATTCTTAGCGT-1	2	1	2	1	4
GTGCCACTCAGGAG-1	0	0	0	0	3
GTGGATTGCACTAG-1	3	2	3	2	5
GTGGATTGCGGAGA-1	0	0	0	0	0
GTGGATTGTAACGC-1	0	0	0	0	3
GTGTACGATCAGTG-1	0	0	0	0	0
GTGTAGTGGGTACT-1	0	0	0	0	0
GTGTATCTAGCCTA-1	2	1	2	1	4
GTGTATCTAGTAGA-1	1	3	1	3	2
GTGTATCTGTTACG-1	2	1	2	1	4
GTGTCAGAAGCGTT-1	1	3	1	3	2
GTTAAAACCGAGAG-1	1	3	1	3	2
GTTAAATGCTCGAA-1	0	0	0	0	3
GTTAAATGTCGACA-1	2	1	2	1	4
GTTAACCTAGCTAC-1	0	0	0	0	1
GTTAACCTTGCTTT-1	4	4	4	6	7
GTTAGGTGCACTCC-1	0	0	0	0	3
GTTAGGTGCCAGTA-1	3	2	3	4	6
GTTAGGTGCCCAAA-1	3	2	3	2	5
GTTAGGTGGAACTC-1	2	1	2	1	4
GTTAGTCTAAGAAC-1	1	3	1	3	1
GTTATAGAGGACAG-1	0	0	0	0	3
GTTATGCTTTCATC-1	0	0	0	0	0
GTTCAACTGGGACA-1	1	3	1	3	2
GTTCAACTTATGCG-1	0	0	0	0	3
GTTGACGAGCCCTT-1	1	3	1	3	2
GTTGACGATATCGG-1	1	3	1	3	2
GTTGAGTGGTCTTT-1	3	2	3	4	6
GTTGAGTGTGCTTT-1	0	0	0	0	0
GTTGATCTGGGACA-1	0	0	0	5	3
GTTGATCTTTTCAC-1	1	3	1	3	1
GTTGGATGTTTACC-1	3	2	3	2	5
GTTGTACTATTCCT-1	3	2	3	4	6
GTTGTACTTTTGGG-1	0	0	0	0	3
GTTTAAGACCATGA-1	3	2	3	4	6
GTTTAAGACTGTCC-1	1	3	1	3	1
TAAACAACCAACCA-1	0	0	0	0	0
TAAACAACGAATCC-1	2	1	2	1	4
TAAAGACTCAGGAG-1	0	0	0	0	3
TAAATCGATGAGGG-1	0	0	0	0	0
TAACAATGTGCCCT-1	2	1	2	1	4
TAACACCTTCGCTC-1	3	2	3	4	6
TAACACCTTCGTAG-1	3	2	3	4	6
TAACACCTTGTTTC-1	5	5	5	7	8
TAACATGACACTAG-1	2	1	2	1	4
TAACCGGACTTACT-1	0	0	0	0	3
TAACGTCTCAACCA-1	3	2	3	4	6
TAACGTCTCATTGG-1	0	0	0	0	0
TAACTAGAATTTCC-1	0	0	0	0	0
TAACTAGACTTAGG-1	0	0	0	0	0
TAACTAGATCTGGA-1	0	0	0	0	3
TAACTCACGAGGAC-1	3	2	3	4	6
TAACTCACGTACAC-1	2	1	2	1	4
TAACTCACGTATCG-1	3	2	3	4	6
TAACTCACTCTACT-1	1	3	1	3	2
TAAGAACTGTGTCA-1	3	2	3	4	6
TAAGAGGACTAAGC-1	2	1	2	1	4
TAAGAGGACTTGTT-1	1	3	1	3	2
TAAGATACGGTTCA-1	3	2	3	4	6
TAAGATTGCGTAGT-1	0	0	0	0	0
TAAGATTGTTGCTT-1	0	0	0	0	0
TAAGCGTGAGGTTC-1	3	2	3	4	6
TAAGCGTGGACAAA-1	3	2	3	2	5
TAAGCGTGGGAAAT-1	0	0	0	0	3
TAAGCGTGTGCTCC-1	3	2	3	2	5
TAAGGCTGCCATGA-1	0	0	0	0	0
TAAGGCTGCTGCTC-1	0	0	0	0	3
TAAGGCTGTCTCGC-1	3	2	3	4	6
TAAGGGCTGCTGTA-1	0	0	0	0	0
TAAGGGCTTTACTC-1	0	0	0	0	3
TAAGTAACCGAGAG-1	2	1	2	1	4
TAAGTAACCTCCAC-1	2	1	2	1	4
TAAGTAACCTGTAG-1	0	0	0	0	0
TAAGTAACTTGTCT-1	0	0	0	0	3
TAATGATGAGCGGA-1	0	0	0	0	0
TAATGCCTCATGAC-1	0	0	0	0	0
TAATGCCTCGTCTC-1	1	3	1	3	2
TAATGTGAAGATGA-1	0	0	0	0	3
TAATGTGACTGCAA-1	3	2	3	4	6
TAATGTGATTACTC-1	0	0	0	0	3
TACAAATGGGTACT-1	0	0	0	0	0
TACAATGAAAACAG-1	3	2	3	4	6
TACAATGACTTAGG-1	0	0	0	0	0
TACAATGATGCTAG-1	1	3	1	3	1
TACACACTCACACA-1	0	0	0	0	0
TACACACTCTTACT-1	0	0	0	0	3
TACATAGAACGCAT-1	1	3	1	3	1
TACATCACACGGGA-1	0	0	0	0	0
TACATCACCTGTTT-1	3	2	3	2	5
TACATCACGCTAAC-1	2	1	2	1	4
TACATCACTGAACC-1	3	2	3	2	5
TACCATTGAGGTTC-1	0	0	0	0	3
TACCATTGCGGGAA-1	3	2	3	4	6
TACCATTGGGGATG-1	3	2	3	4	6
TACCATTGTGAGGG-1	3	2	3	4	6
TACCGGCTGTTGGT-1	0	0	0	0	3
TACGAGTGATCTCT-1	0	0	0	0	0
TACGAGTGATGCTG-1	3	2	3	2	5
TACGAGTGCGGAGA-1	0	0	0	0	0
TACGAGTGGTTGGT-1	0	0	0	0	0
TACGATCTAGTGTC-1	0	0	0	0	0
TACGATCTCACTGA-1	3	2	3	2	5
TACGATCTTACGAC-1	0	0	0	0	0
TACGCAGAGAATCC-1	1	3	1	3	2
TACGCCACATTCCT-1	0	0	0	0	3
TACGCCACTCCCAC-1	3	2	3	2	5
TACGCCACTCCGAA-1	2	1	2	1	4
TACGGAACGCGTTA-1	2	1	2	1	4
TACGGCCTGGGACA-1	1	3	1	3	2
TACGTACTACGGAG-1	0	0	0	0	0
TACGTACTCAGTTG-1	0	0	0	0	0
TACGTACTCCCGTT-1	2	1	2	1	4
TACGTTACAGAAGT-1	0	0	0	0	0
TACGTTACCAAGCT-1	3	2	3	4	6
TACTAAGAAAGGTA-1	2	1	2	1	4
TACTAAGAATCACG-1	0	0	0	0	3
TACTAAGATGATGC-1	3	2	3	4	6
TACTAAGATTGCGA-1	0	0	0	0	0
TACTACACGAGAGC-1	0	0	0	0	0
TACTACACTTACCT-1	0	0	0	5	3
TACTACTGAACCTG-1	3	2	3	4	6
TACTACTGATGTCG-1	1	3	1	3	2
TACTACTGATTCTC-1	0	0	0	0	3
TACTACTGTATGGC-1	0	0	0	0	0
TACTCAACGGTCTA-1	3	2	3	4	6
TACTCAACTGCTAG-1	2	1	2	1	4
TACTCCCTCAGTTG-1	0	0	0	0	3
TACTCTGAATCGAC-1	1	3	1	3	2
TACTCTGACGAGTT-1	0	0	0	0	0
TACTCTGATTGACG-1	2	1	2	1	4
TACTGGGATCGATG-1	0	0	0	0	0
TACTGTTGAAAGCA-1	0	0	0	0	3
TACTGTTGAGGCGA-1	1	3	1	3	2
TACTGTTGCTGAAC-1	2	1	2	1	4
TACTTGACTCCTCG-1	1	3	1	3	1
TACTTGACTGGTGT-1	2	1	2	1	4
TACTTTCTTTTGGG-1	1	3	1	3	1
TAGAAACTAATCGC-1	0	0	0	0	0
TAGAAACTGCTTCC-1	3	2	3	4	6
TAGAAACTGGGATG-1	1	3	1	3	1
TAGAATTGCGACAT-1	0	0	0	0	3
TAGAATTGTATCGG-1	0	0	0	0	0
TAGACGTGCTTGAG-1	0	0	0	0	3
TAGACGTGTCGCTC-1	0	0	0	0	0
TAGAGCACCTTACT-1	2	1	2	1	4
TAGATTGACTTGTT-1	2	1	2	1	4
TAGATTGAGGCATT-1	1	3	1	3	1
TAGCATCTCAGCTA-1	1	3	1	3	2
TAGCATCTCCCTCA-1	0	0	0	0	1
TAGCATCTGCTGTA-1	3	2	3	2	5
TAGCATCTGGGACA-1	0	0	0	0	3
TAGCATCTTGTCGA-1	0	0	0	0	3
TAGCCCACAAAAGC-1	0	0	0	0	0
TAGCCCACAGCCAT-1	1	3	1	3	1
TAGCCCACAGCTAC-1	1	3	1	3	2
TAGCCCACCCACAA-1	0	0	0	0	3
TAGCCCTGCGGAGA-1	1	3	1	3	1
TAGCCGCTTACGAC-1	0	0	0	0	0
TAGCCGCTTACTTC-1	1	3	1	3	1
TAGCCGCTTTCCAT-1	3	2	3	4	6
TAGCTACTGAATAG-1	2	1	2	1	4
TAGCTACTGTAGCT-1	0	0	0	0	0
TAGCTACTTTTGCT-1	1	3	1	3	1
TAGGACTGTGCTGA-1	0	0	0	3	1
TAGGAGCTAAGGCG-1	2	1	2	1	4
TAGGAGCTGAGGGT-1	0	0	0	0	0
TAGGAGCTTGCATG-1	2	1	2	1	4
TAGGCAACCGTCTC-1	2	1	2	1	4
TAGGCATGCTCTCG-1	4	4	4	6	7
TAGGCATGGCGAGA-1	1	3	1	3	1
TAGGCTGATGCCTC-1	3	2	3	4	6
TAGGGACTGAACTC-1	1	3	1	3	1
TAGGTCGACACTGA-1	0	0	0	0	3
TAGGTCGAGGATCT-1	2	1	2	1	4
TAGGTGACACACTG-1	0	0	0	0	0
TAGGTGACACGTTG-1	2	1	2	1	4
TAGGTGTGTTCTGT-1	0	0	0	0	3
TAGGTTCTGAAGGC-1	0	0	0	0	0
TAGGTTCTTCTTAC-1	3	2	3	2	5
TAGGTTCTTGCTGA-1	3	2	3	4	6
TAGTAAACCTCGCT-1	0	0	0	0	3
TAGTAAACGTCACA-1	0	0	0	0	0
TAGTAATGAGATCC-1	0	0	0	0	3
TAGTACCTAAGAAC-1	3	2	3	4	6
TAGTATGATCTTAC-1	2	1	2	1	4
TAGTATGATTCTCA-1	0	0	0	0	0
TAGTCTTGGCTGTA-1	0	0	0	5	3
TAGTCTTGGGACTT-1	0	0	0	0	3
TAGTCTTGTGGAAA-1	1	3	1	3	1
TAGTGGTGAAGTGA-1	1	3	1	3	2
TAGTTAGAACCACA-1	1	3	1	3	2
TAGTTAGATGAACC-1	0	0	0	0	3
TATAAGACAACAGA-1	1	3	1	3	1
TATAAGACAGCTCA-1	3	2	3	2	5
TATAAGTGACACCA-1	3	2	3	2	5
TATAAGTGTATCGG-1	3	2	3	4	6
TATAAGTGTGGTGT-1	3	2	3	2	5
TATACAGAACCCTC-1	1	3	1	3	1
TATACAGAAGAACA-1	0	0	0	0	3
TATACAGATCCAGA-1	0	0	0	0	0
TATACCACCTGATG-1	2	1	2	1	4
TATACGCTACCAAC-1	0	0	0	0	0
TATAGATGGACGGA-1	0	0	0	0	0
TATAGATGTTCCGC-1	3	2	3	2	5
TATCCAACCAGCTA-1	3	2	3	4	6
TATCCAACTCTCTA-1	1	3	1	3	1
TATCGACTACTAGC-1	1	3	1	3	2
TATCGACTCGATAC-1	3	2	3	2	5
TATCGTACAGATGA-1	1	3	1	3	1
TATCGTACATTCCT-1	3	2	3	4	6
TATCTCGAGAGATA-1	0	0	0	5	3
TATCTGACAGGTTC-1	1	3	1	3	1
TATCTGACTGTTTC-1	1	3	1	3	1
TATCTTCTAAACAG-1	0	0	0	0	3
TATGAATGGAGGAC-1	1	3	1	3	2
TATGAATGTTTGCT-1	3	2	3	2	5
TATGCGGATAACCG-1	0	0	0	0	0
TATGGGTGCATCAG-1	1	3	1	3	2
TATGGGTGCTAGCA-1	2	1	2	1	4
TATGGTCTCTACCC-1	0	0	0	0	3
TATGTCACGGAACG-1	2	1	2	1	4
TATGTCACTAACCG-1	3	2	3	2	5
TATGTCACTTCTCA-1	2	1	2	1	4
TATGTGCTCCGATA-1	3	2	3	4	6
TATGTGCTGGATTC-1	0	0	0	0	3
TATTGCTGAAGAAC-1	3	2	3	4	6
TATTGCTGCCGTTC-1	2	0	2	1	3
TATTGCTGTCTGGA-1	0	0	0	0	3
TATTGCTGTGCACA-1	1	3	1	3	1
TATTTCCTATTGGC-1	3	2	3	4	6
TATTTCCTGGAGGT-1	1	3	1	3	2
TATTTCCTGGTGTT-1	0	0	0	0	3
TCAACACTGTTTGG-1	1	3	1	3	2
TCAAGGACAGCGTT-1	0	0	0	0	0
TCAAGGACATTCTC-1	1	3	1	3	1
TCAAGGACGGTGTT-1	3	2	3	4	6
TCAATCACACTCTT-1	1	3	1	3	1
TCAATCACAGTCGT-1	3	2	3	2	5
TCACAACTATGTGC-1	0	0	0	0	3
TCACAACTTTGCTT-1	3	2	3	4	6
TCACATACACTTTC-1	0	0	0	0	0
TCACATACAGGGTG-1	0	0	0	5	3
TCACCCGAGACGGA-1	3	2	3	2	5
TCACCGTGCTCGCT-1	3	2	3	2	5
TCACCTCTACGACT-1	1	3	1	3	1
TCACCTCTTCCAAG-1	3	2	3	2	5
TCACGAGAGGAGGT-1	2	1	2	1	4
TCACTATGGGGCAA-1	1	3	1	3	1
TCACTATGGTTGTG-1	2	1	2	1	4
TCAGACGACGCTAA-1	0	0	0	0	0
TCAGACGACGTTAG-1	1	3	1	3	2
TCAGAGACTCCAGA-1	0	0	0	0	3
TCAGCAGACTCCAC-1	0	0	0	0	0
TCAGCGCTCTAGTG-1	1	3	1	3	1
TCAGCGCTGGATCT-1	2	1	2	1	4
TCAGCGCTGGTATC-1	1	3	1	3	1
TCAGGATGAAGTAG-1	0	0	0	0	3
TCAGGATGCCTTTA-1	3	2	3	2	5
TCAGTGGAAGATCC-1	1	3	1	3	1
TCAGTTACCTACGA-1	3	2	3	4	6
TCAGTTACTAGAAG-1	0	0	0	0	0
TCATCAACCCGATA-1	0	0	0	0	3
TCATCAACTGTTCT-1	3	2	3	2	5
TCATCATGCAGTTG-1	0	0	0	0	0
TCATCCCTTACTGG-1	0	0	0	0	0
TCATTCGATACAGC-1	3	2	3	2	5
TCCACGTGGAAACA-1	0	0	0	0	0
TCCACTCTACACTG-1	0	0	0	0	0
TCCACTCTGAGCTT-1	3	2	3	4	6
TCCACTCTTACTTC-1	2	1	2	1	4
TCCATAACAAAGTG-1	0	0	0	0	0
TCCATAACCGTAGT-1	2	1	2	1	4
TCCATAACGATGAA-1	0	0	0	0	0
TCCATAACTACGCA-1	0	0	0	0	0
TCCATCCTCCCTAC-1	1	3	1	3	1
TCCCACGATCATTC-1	0	0	0	0	3
TCCCATCTCAAAGA-1	3	2	3	4	6
TCCCGAACACAGTC-1	1	3	1	3	2
TCCCGAACTTCGCC-1	3	2	3	2	5
TCCCGATGAGATCC-1	0	0	0	0	0
TCCCGATGCCTGAA-1	3	2	3	4	6
TCCCTACTCAACTG-1	2	1	2	1	4
TCCGAAGACAATCG-1	3	2	3	4	6
TCCGAAGACGTTAG-1	0	0	0	0	0
TCCGGACTGAGGTG-1	0	0	0	0	0
TCCGGACTGTACGT-1	1	3	1	3	1
TCCTAAACATCGAC-1	0	0	0	0	3
TCCTAAACCGAGAG-1	0	0	0	0	0
TCCTAAACCGCATA-1	1	3	1	3	2
TCCTAATGGTTTGG-1	1	3	1	3	1
TCCTACCTGTCGTA-1	0	0	0	0	3
TCCTATGAAAAGCA-1	1	3	1	3	1
TCGAATCTCTGGTA-1	1	3	1	3	1
TCGACCTGCCGATA-1	3	2	3	2	5
TCGACGCTTCTATC-1	3	2	3	4	6
TCGACGCTTTGACG-1	0	0	0	0	0
TCGAGAACGACAGG-1	0	0	0	0	0
TCGAGAACGTTAGC-1	0	0	0	0	0
TCGAGCCTATCAGC-1	2	1	2	1	4
TCGAGCCTGCGAGA-1	1	3	1	3	1
TCGAGCCTTGTGAC-1	0	0	0	0	3
TCGATACTATTCCT-1	0	0	0	0	0
TCGATACTTGCACA-1	0	0	0	0	3
TCGATTTGATGCCA-1	3	2	3	4	6
TCGATTTGCACTCC-1	0	0	0	0	0
TCGATTTGCAGCTA-1	1	3	1	3	2
TCGATTTGCCTACC-1	3	2	3	4	6
TCGATTTGTCGTGA-1	2	1	2	1	4
TCGCAGCTAGATCC-1	1	3	1	3	1
TCGCCATGAGACTC-1	0	0	0	0	3
TCGCCATGTGGTCA-1	2	1	2	1	4
TCGGACCTAACAGA-1	0	0	0	0	0
TCGGACCTATAAGG-1	2	1	2	1	4
TCGGACCTGTACAC-1	0	0	0	0	0
TCGGTAGAGTAGGG-1	0	0	0	0	0
TCGGTAGATCCCAC-1	2	1	2	1	4
TCGTAGGATCGACA-1	0	0	0	0	0
TCGTTATGGACAAA-1	0	0	0	0	3
TCTAACACCAGTTG-1	1	3	1	3	2
TCTAACACGAGCAG-1	4	4	4	6	7
TCTAACTGAACCAC-1	0	0	0	3	1
TCTAAGCTAATGCC-1	0	0	0	0	0
TCTAAGCTTAGTCG-1	1	3	1	3	1
TCTAAGCTTCTAGG-1	3	2	3	2	5
TCTAAGCTTGTTCT-1	3	2	3	4	6
TCTAAGCTTTCGCC-1	2	1	2	1	4
TCTACAACGACTAC-1	3	2	3	4	6
TCTAGACTTAGAAG-1	3	2	3	4	6
TCTAGTTGCACCAA-1	3	2	3	2	5
TCTATGTGAAGAGT-1	3	2	3	4	6
TCTATGTGAGTCTG-1	1	3	1	3	1
TCTCAAACCTAAGC-1	2	1	2	1	4
TCTCTAGAATTTCC-1	0	0	0	0	0
TCTGATACACGTGT-1	0	0	0	0	0
TCTGATACTCGCCT-1	0	0	0	0	3
TCTTACGAACCTGA-1	3	2	3	4	6
TCTTCAGAGCTACA-1	3	2	3	2	5
TCTTGATGCGGAGA-1	1	3	1	3	1
TGAAATTGGTGAGG-1	3	2	3	4	6
TGAACCGAAAACGA-1	0	0	0	0	3
TGAACCGACTACTT-1	3	2	3	2	5
TGAACCGATTCGGA-1	3	2	3	2	5
TGAAGCACTCACGA-1	1	3	1	3	1
TGAAGCTGAACGAA-1	0	0	0	0	3
TGAAGCTGCATGGT-1	2	1	2	1	4
TGAAGCTGCGTAAC-1	0	0	0	0	0
TGAATAACCACTTT-1	0	0	0	0	3
TGAATAACTCCCAC-1	1	3	1	3	1
TGACACGACCTTAT-1	2	1	2	1	4
TGACCAGACAACCA-1	0	0	0	0	3
TGACCAGAGGATTC-1	0	0	0	0	3
TGACCGCTAAAAGC-1	0	0	0	0	0
TGACCGCTCTGCAA-1	0	0	0	0	3
TGACGATGCAAAGA-1	3	2	3	4	6
TGACGCCTGTACCA-1	0	0	0	0	0
TGACGCCTTTACTC-1	0	0	0	0	0
TGACTGGAAGAGAT-1	3	2	3	4	6
TGACTGGACCGTAA-1	0	0	0	0	3
TGACTGGACGCAAT-1	0	0	0	0	3
TGACTGGAGGACAG-1	2	1	2	1	4
TGACTGGATTCTCA-1	0	0	0	0	0
TGACTTACACACCA-1	0	0	0	0	0
TGACTTACAGTCTG-1	3	2	3	4	6
TGACTTTGCGCATA-1	0	0	0	0	0
TGACTTTGTTTGTC-1	0	0	0	0	0
TGAGACACAAGGTA-1	0	0	0	0	0
TGAGACACTCAAGC-1	1	3	1	3	1
TGAGCTGAATGCTG-1	3	2	3	2	5
TGAGCTGACTGGAT-1	3	2	3	4	6
TGAGCTGATGCTAG-1	3	2	3	4	6
TGAGGACTCTCATT-1	3	2	3	4	6
TGAGGACTTCATTC-1	0	0	0	0	0
TGAGGTACGAACCT-1	3	2	3	2	5
TGAGTCGAGTTACG-1	2	1	2	1	4
TGAGTGACTGAGCT-1	0	0	0	0	3
TGATAAACGAATCC-1	0	0	0	0	0
TGATAAACTCCGTC-1	1	3	1	3	2
TGATAAACTTTCAC-1	0	0	0	0	3
TGATACCTCACTAG-1	3	2	3	4	6
TGATACCTGTTGGT-1	0	0	0	0	0
TGATACCTTATGCG-1	0	0	0	0	3
TGATACCTTGAAGA-1	0	0	0	0	0
TGATATGAACCTTT-1	0	0	0	0	3
TGATCACTAGCATC-1	1	3	1	3	1
TGATCACTCTCGCT-1	0	0	0	0	3
TGATCACTTCTACT-1	2	1	2	1	4
TGATCGGACTGACA-1	3	2	3	2	5
TGATCGGAGGAGCA-1	2	1	2	1	4
TGATCGGATATGCG-1	3	2	3	2	6
TGATTAGACATTGG-1	0	0	0	0	0
TGATTAGATGACTG-1	2	1	2	1	4
TGATTAGATGCTAG-1	0	0	0	0	3
TGATTCACTATGCG-1	0	0	0	5	3
TGATTCACTGTCAG-1	2	1	2	1	4
TGATTCTGCCGAAT-1	0	0	0	0	0
TGATTCTGCTCTTA-1	0	0	0	0	0
TGCAAGTGAGAACA-1	0	0	0	0	0
TGCAAGTGGGTAGG-1	3	2	3	4	6
TGCAATCTTCAGGT-1	4	4	4	6	7
TGCACAGACGACAT-1	1	3	1	3	2
TGCCAAGAGCAGTT-1	3	2	3	2	6
TGCCAAGATCTCTA-1	0	0	0	0	0
TGCCACTGAACGTC-1	0	0	0	0	3
TGCCACTGCGATAC-1	1	3	1	3	2
TGCCAGCTTGGCAT-1	0	0	0	0	3
TGCCCAACAGCAAA-1	0	0	0	0	0
TGCCCAACCGCATA-1	3	2	3	2	5
TGCCGACTCTCCCA-1	2	1	2	1	4
TGCGAAACAGTCAC-1	2	1	2	1	4
TGCGAAACGTTGCA-1	2	1	2	1	4
TGCGATGAACGGTT-1	0	0	0	0	0
TGCGATGACCTCGT-1	0	0	0	0	3
TGCGATGACTAGTG-1	2	1	2	1	4
TGCGATGACTGCTC-1	2	1	2	1	4
TGCGATGACTTGCC-1	2	1	2	1	4
TGCGATGAGTGCTA-1	3	2	3	4	6
TGCGCACTCTTGAG-1	3	2	3	4	6
TGCGTAGAATAAGG-1	3	2	3	4	6
TGCGTAGACGGGAA-1	2	1	2	1	4
TGCGTAGATGGTCA-1	3	2	3	2	5
TGCTAGGAAACCGT-1	0	0	0	3	1
TGCTAGGATAGTCG-1	0	0	0	0	3
TGCTATACGGTTCA-1	3	2	3	4	6
TGCTATACTGCTGA-1	1	3	1	3	1
TGCTGAGAGAGCAG-1	1	3	1	3	2
TGCTGAGATTATCC-1	0	0	0	0	3
TGGAAAGACTCTCG-1	2	1	2	1	4
TGGAAAGAGCGATT-1	0	0	0	0	0
TGGAAAGAGGTCAT-1	3	2	3	2	5
TGGAAAGATATGGC-1	0	0	0	0	3
TGGAACACAAACAG-1	1	3	1	3	2
TGGAACACGCTAAC-1	0	0	0	3	1
TGGAAGCTCAGATC-1	0	0	0	0	3
TGGACCCTACACTG-1	3	2	3	4	6
TGGACCCTCATGGT-1	1	3	1	3	1
TGGACCCTGGTACT-1	3	2	3	2	5
TGGACTGAGTATGC-1	0	0	0	0	0
TGGAGACTATCAGC-1	3	2	3	4	6
TGGAGACTTCAAGC-1	0	0	0	0	3
TGGAGACTTGACCA-1	1	3	1	3	1
TGGAGGGACGGAGA-1	3	2	3	4	6
TGGAGGGAGCTATG-1	0	0	0	0	3
TGGATCGATAAAGG-1	0	0	0	0	0
TGGATGTGACCTAG-1	2	1	2	1	4
TGGATGTGTGAAGA-1	2	1	2	1	4
TGGATTCTCATACG-1	1	3	1	3	1
TGGCAATGCTTGTT-1	2	1	2	1	4
TGGCACCTTCACGA-1	0	0	0	5	3
TGGCACCTTCAGTG-1	3	2	3	4	6
TGGGTATGAAGAGT-1	0	0	0	0	0
TGGGTATGCACAAC-1	0	0	0	0	0
TGGGTATGGTACGT-1	2	1	2	1	4
TGGGTATGTTTGGG-1	3	2	3	4	6
TGGTAGACATGCCA-1	0	0	0	0	0
TGGTAGACCCTCAC-1	1	3	1	3	2
TGGTAGACCTGATG-1	0	0	0	0	0
TGGTAGTGCACTGA-1	3	2	3	2	6
TGGTATCTAAACAG-1	0	0	0	0	1
TGGTATCTCTTCCG-1	0	0	0	0	3
TGGTCAGACCCAAA-1	0	0	0	0	3
TGGTTACTGACGTT-1	3	2	3	4	6
TGGTTACTGTTCTT-1	0	0	0	0	3
TGTAACCTAGAGGC-1	0	0	0	0	3
TGTAACCTTGCCTC-1	3	2	3	4	6
TGTAATGACACAAC-1	1	3	1	3	2
TGTAATGAGGTAAA-1	1	3	1	3	2
TGTACTTGCTCTAT-1	3	2	3	2	5
TGTAGGTGCGAGAG-1	2	1	2	1	4
TGTAGGTGCTATGG-1	0	0	0	0	0
TGTAGGTGCTCTAT-1	4	4	4	6	7
TGTAGGTGTGCTGA-1	0	0	0	0	0
TGTAGTCTTCCAGA-1	0	0	0	0	0
TGTAGTCTTGCACA-1	1	3	1	3	1
TGTATCTGTTAGGC-1	0	0	0	0	0
TGTATGCTCATGGT-1	2	1	2	1	4
TGTATGCTGTAGGG-1	0	0	0	0	3
TGTATGCTTTCATC-1	0	0	0	0	3
TGTCAGGAATACCG-1	0	0	0	0	3
TGTCAGGAGATGAA-1	3	2	3	2	5
TGTCTAACCCCTTG-1	0	0	0	0	3
TGTGACGATTCTCA-1	1	3	1	3	1
TGTGAGACTGTCAG-1	3	2	3	2	5
TGTGAGACTTGAGC-1	0	0	0	0	0
TGTGAGTGACCACA-1	0	0	0	0	3
TGTGAGTGAGTGCT-1	3	2	3	2	5
TGTGAGTGGAGATA-1	1	3	1	3	1
TGTGATCTCTCTAT-1	2	1	2	1	4
TGTGATCTGACACT-1	0	0	0	5	3
TGTGGATGGCCAAT-1	2	1	2	1	4
TGTTAAGACAAAGA-1	3	2	3	4	6
TGTTAAGATAAGGA-1	3	2	3	4	6
TGTTACACCGCATA-1	3	2	3	2	5
TGTTACACGACTAC-1	3	2	3	2	6
TGTTACTGGCTACA-1	1	3	1	3	1
TGTTACTGTAGTCG-1	1	3	1	3	1
TTAACCACCGTAAC-1	0	0	0	0	0
TTAACCACTAAGGA-1	1	3	1	3	1
TTAACCACTCAGAC-1	1	3	1	3	1
TTACACACGTGTTG-1	0	0	0	0	0
TTACACACTCCTAT-1	0	0	0	0	3
TTACCATGAATCGC-1	3	2	3	4	6
TTACCATGGTTGAC-1	0	0	0	0	0
TTACCATGTGTCTT-1	0	0	0	0	3
TTACCATGTTGTGG-1	2	1	2	1	4
TTACGACTGAGAGC-1	0	0	0	0	0
TTACGACTTGACAC-1	3	2	3	4	6
TTACGTACGTTCAG-1	5	5	5	7	8
TTACTCGAAGAATG-1	3	2	3	4	6
TTACTCGACGCAAT-1	4	4	4	6	7
TTACTCGAGGGTGA-1	0	0	0	0	3
TTACTCGATCTACT-1	1	3	1	3	2
TTAGAATGTGGTGT-1	0	0	0	0	3
TTAGAATGTGTAGC-1	0	0	0	5	3
TTAGACCTCCTACC-1	0	0	0	0	3
TTAGACCTCCTTTA-1	3	2	3	4	6
TTAGCTACAACCGT-1	0	0	0	0	3
TTAGCTACTGTCCC-1	3	2	3	2	5
TTAGCTACTTTCGT-1	0	0	0	0	0
TTAGGGACGCGAAG-1	1	3	1	3	1
TTAGGGTGCTGGAT-1	2	1	2	1	4
TTAGGGTGTCCTGC-1	3	2	3	2	5
TTAGGTCTACTTTC-1	3	2	3	4	6
TTAGTCACCAGTTG-1	0	0	0	0	0
TTAGTCTGAAAGCA-1	2	1	2	1	4
TTAGTCTGCCAACA-1	1	3	1	3	2
TTAGTCTGTGCACA-1	0	0	0	0	0
TTATCCGACTAGTG-1	2	1	2	1	4
TTATCCGAGAAAGT-1	3	2	3	2	5
TTATGAGAGATAAG-1	0	0	0	5	3
TTATGCACGTCACA-1	2	1	2	1	4
TTATGGCTTATGGC-1	4	4	4	6	7
TTATTCCTATGCTG-1	3	2	3	4	6
TTATTCCTGGACAG-1	2	1	2	1	4
TTATTCCTGGTACT-1	2	1	2	1	4
TTATTCCTTCGTGA-1	0	0	0	0	0
TTCAAAGATAAAGG-1	1	3	1	3	1
TTCAACACAACAGA-1	0	0	0	0	3
TTCAACACCCCAAA-1	3	2	3	4	6
TTCAACACGGACGA-1	3	2	3	2	5
TTCAAGCTAAGAAC-1	3	2	3	4	6
TTCAAGCTAGATGA-1	0	0	0	0	0
TTCAAGCTGTTGAC-1	0	0	0	0	0
TTCAAGCTTGATGC-1	0	0	0	0	0
TTCAAGCTTTCGCC-1	0	0	0	0	3
TTCACAACCCGTTC-1	3	2	3	4	6
TTCACAACGTCTGA-1	3	2	3	2	6
TTCAGACTACCCAA-1	0	0	0	5	3
TTCAGACTCTCGAA-1	0	0	0	0	0
TTCAGTACCGACTA-1	0	0	0	0	0
TTCAGTACTCAAGC-1	0	0	0	0	0
TTCAGTACTCCTAT-1	3	2	3	4	6
TTCAGTTGCCAAGT-1	0	0	0	0	0
TTCAGTTGTCCTTA-1	4	4	4	6	7
TTCAGTTGTCTAGG-1	0	0	0	0	3
TTCAGTTGTCTCGC-1	2	1	2	1	4
TTCATCGAGGTGGA-1	3	2	3	4	6
TTCATGTGTGGTGT-1	0	0	0	0	0
TTCATTCTATGTCG-1	3	2	3	4	6
TTCATTCTTCTCTA-1	0	0	0	0	3
TTCCAAACCTATGG-1	3	2	3	4	6
TTCCAAACCTCCCA-1	2	1	2	1	4
TTCCAAACTCCCAC-1	1	3	1	3	2
TTCCAAACTTGACG-1	1	3	1	3	1
TTCCATGACGAGAG-1	3	2	3	4	6
TTCCATGACTGTCC-1	0	0	0	5	3
TTCCCACTTGAGGG-1	1	3	1	3	2
TTCCCACTTGTCTT-1	3	2	3	4	6
TTCCTAGAAAGTGA-1	0	0	0	0	3
TTCCTAGACTAGTG-1	3	2	3	2	5
TTCGAGGACTCTAT-1	0	0	0	0	0
TTCGAGGAGGGCAA-1	0	0	0	0	0
TTCGAGGATAGAAG-1	3	2	3	2	5
TTCGATTGAGCATC-1	0	0	0	0	3
TTCGGAGAATGCCA-1	3	2	3	4	6
TTCGGAGATGTGCA-1	0	0	0	0	0
TTCGTATGAAAAGC-1	1	3	1	3	1
TTCGTATGGATAGA-1	1	3	1	3	1
TTCGTATGGTCTGA-1	0	0	0	0	0
TTCGTATGTCCTTA-1	3	2	3	2	5
TTCTACGAACGTAC-1	0	0	0	0	0
TTCTACGAGTTGGT-1	0	0	0	0	0
TTCTAGTGACACGT-1	0	0	0	0	0
TTCTAGTGCATGAC-1	3	2	3	4	6
TTCTAGTGGAGAGC-1	1	3	1	3	2
TTCTAGTGGTCACA-1	3	2	3	2	5
TTCTCAGAAGAGAT-1	0	0	0	0	0
TTCTCAGAAGCATC-1	2	1	2	1	4
TTCTCAGATGGAGG-1	0	0	0	0	0
TTCTGATGGAGACG-1	1	3	1	3	2
TTCTTACTCTGGAT-1	3	2	3	2	6
TTGAACCTCCTTGC-1	2	1	2	1	4
TTGAATGAACTACG-1	3	2	3	2	5
TTGAATGACTTACT-1	0	0	0	0	3
TTGAATGATCTCAT-1	2	1	2	1	4
TTGACACTCTGTAG-1	0	0	0	0	0
TTGACACTGATAAG-1	2	1	2	1	4
TTGAGGACAGAACA-1	3	2	3	4	6
TTGAGGACTACGCA-1	4	4	4	6	7
TTGAGGTGGACGGA-1	0	0	0	0	3
TTGCATTGAGCTAC-1	1	3	1	3	1
TTGCATTGCTAAGC-1	3	2	3	4	6
TTGCATTGTGACTG-1	0	0	0	0	3
TTGCTAACACCAAC-1	1	3	1	3	1
TTGCTAACACGCTA-1	3	2	3	2	5
TTGCTAACCACTCC-1	0	0	0	0	3
TTGCTATGGTACGT-1	3	2	3	4	6
TTGCTATGGTAGGG-1	3	2	3	2	5
TTGGAGACCAATCG-1	0	0	0	0	0
TTGGAGACGCTATG-1	3	2	3	4	6
TTGGAGACTATGGC-1	2	1	2	1	4
TTGGGAACTGAACC-1	0	0	0	0	3
TTGGTACTACTGGT-1	3	2	3	2	5
TTGGTACTCTTAGG-1	0	0	0	0	3
TTGGTACTGAATCC-1	2	1	2	1	4
TTGGTACTGGATTC-1	2	1	2	1	4
TTGTACACGTTGTG-1	2	1	2	1	4
TTGTACACTTGCAG-1	0	0	0	0	0
TTGTAGCTAGCTCA-1	0	0	0	0	0
TTGTAGCTCTCTTA-1	2	1	2	1	4
TTGTCATGGACGGA-1	1	3	1	3	2
TTTAGAGATCCTCG-1	2	1	2	1	4
TTTAGCTGATACCG-1	0	0	0	0	3
TTTAGCTGGATACC-1	3	2	3	4	6
TTTAGCTGTACTCT-1	4	4	4	6	7
TTTAGGCTCCTTTA-1	3	2	3	4	6
TTTATCCTGTTGTG-1	3	2	3	2	5
TTTCACGAGGTTCA-1	0	0	0	0	0
TTTCAGTGGAAGGC-1	1	3	1	3	1
TTTCAGTGTCACGA-1	2	1	2	1	4
TTTCAGTGTCTATC-1	3	2	3	4	6
TTTCAGTGTGCAGT-1	2	1	2	1	4
TTTCCAGAGGTGAG-1	0	0	0	0	0
TTTCGAACACCTGA-1	4	4	4	6	7
TTTCGAACTCTCAT-1	3	2	3	4	7
TTTCTACTGAGGCA-1	2	1	2	1	4
TTTCTACTTCCTCG-1	2	1	2	1	4
TTTGCATGAGAGGC-1	2	1	2	1	4
TTTGCATGCCTCAC-1	0	0	0	0	0
