index	leiden	cell_type
AAACATACAACCAC-1	0	T cells
AAACATTGAGCTAC-1	1	B cells
AAACATTGATCAGC-1	0	T cells
AAACCGTGCTTCCG-1	2	Monocytes / myeloid cells
AAACCGTGTATGCG-1	3	NK / cytotoxic cells
AAACGCACTGGTAC-1	0	T cells
AAACGCTGACCAGT-1	0	T cells
AAACGCTGGTTCTT-1	3	NK / cytotoxic cells
AAACGCTGTAGCCA-1	3	NK / cytotoxic cells
AAACGCTGTTTCTG-1	2	Monocytes / myeloid cells
AAACTTGAAAAACG-1	1	B cells
AAACTTGATCCAGA-1	0	T cells
AAAGAGACGAGATA-1	0	T cells
AAAGAGACGCGAGA-1	4	CD14+ monocytes
AAAGAGACGGACTT-1	3	NK / cytotoxic cells
AAAGAGACGGCATT-1	5	T-like / uncertain
AAAGCAGATATCGG-1	2	Monocytes / myeloid cells
AAAGCCTGTATGCG-1	0	T cells
AAAGGCCTGTCTAG-1	1	B cells
AAAGTTTGATCACG-1	1	B cells
AAAGTTTGGGGTGA-1	1	B cells
AAAGTTTGTAGAGA-1	5	T-like / uncertain
AAAGTTTGTAGCGT-1	4	CD14+ monocytes
AAATCAACAATGCC-1	1	B cells
AAATCAACACCAGT-1	5	T-like / uncertain
AAATCAACCAGGAG-1	0	T cells
AAATCAACCCTATT-1	2	Monocytes / myeloid cells
AAATCAACGGAAGC-1	0	T cells
AAATCAACTCGCAA-1	0	T cells
AAATCATGACCACA-1	2	Monocytes / myeloid cells
AAATCCCTCCACAA-1	3	NK / cytotoxic cells
AAATCCCTGCTATG-1	1	B cells
AAATGTTGAACGAA-1	4	CD14+ monocytes
AAATGTTGCCACAA-1	0	T cells
AAATGTTGTGGCAT-1	4	CD14+ monocytes
AAATTCGAAGGTTC-1	0	T cells
AAATTCGAATCACG-1	4	CD14+ monocytes
AAATTCGAGCTGAT-1	2	Monocytes / myeloid cells
AAATTCGAGGAGTG-1	0	T cells
AAATTCGATTCTCA-1	3	NK / cytotoxic cells
AAATTGACACGACT-1	3	NK / cytotoxic cells
AAATTGACTCGCTC-1	0	T cells
AACAAACTCATTTC-1	0	T cells
AACAAACTTTCGTT-1	0	T cells
AACAATACGACGAG-1	0	T cells
AACACGTGCAGAGG-1	0	T cells
AACACGTGGAAAGT-1	0	T cells
AACACGTGGAACCT-1	4	CD14+ monocytes
AACACGTGGCTACA-1	0	T cells
AACACGTGTACGAC-1	2	Monocytes / myeloid cells
AACAGCACAAGAGT-1	4	CD14+ monocytes
AACATTGATGGGAG-1	2	Monocytes / myeloid cells
AACCAGTGATACCG-1	2	Monocytes / myeloid cells
AACCCAGATCGCTC-1	0	T cells
AACCGATGCTCCCA-1	0	T cells
AACCGATGGTCATG-1	1	B cells
AACCGATGTTCTAC-1	4	CD14+ monocytes
AACCGCCTAGCGTT-1	0	T cells
AACCGCCTCTACGA-1	2	Monocytes / myeloid cells
AACCTACTGTGAGG-1	2	Monocytes / myeloid cells
AACCTACTGTGTTG-1	0	T cells
AACCTTACGAGACG-1	0	T cells
AACCTTACGCGAGA-1	3	NK / cytotoxic cells
AACCTTACTAACGC-1	2	Monocytes / myeloid cells
AACCTTTGGACGGA-1	0	T cells
AACCTTTGTACGCA-1	2	Monocytes / myeloid cells
AACGCAACAAGTAG-1	0	T cells
AACGCATGACCCAA-1	0	T cells
AACGCATGCCTTCG-1	0	T cells
AACGCATGTACTTC-1	0	T cells
AACGCCCTCGGGAA-1	0	T cells
AACGCCCTCGTACA-1	3	NK / cytotoxic cells
AACGCCCTGGCATT-1	0	T cells
AACGTCGAGTATCG-1	3	NK / cytotoxic cells
AACGTGTGAAAGCA-1	0	T cells
AACGTGTGGCGGAA-1	1	B cells
AACGTGTGTCCAAG-1	0	T cells
AACGTGTGTGCTTT-1	0	T cells
AACTACCTTAGAGA-1	0	T cells
AACTCACTCAAGCT-1	4	CD14+ monocytes
AACTCACTTGGAGG-1	4	CD14+ monocytes
AACTCGGAAAGTGA-1	3	NK / cytotoxic cells
AACTCGGAAGGTCT-1	4	CD14+ monocytes
AACTCTTGCAGGAG-1	0	T cells
AACTGTCTCCCTTG-1	4	CD14+ monocytes
AACTTGCTACGCTA-1	1	B cells
AACTTGCTGGGACA-1	0	T cells
AAGAACGAGTGTTG-1	5	T-like / uncertain
AAGAAGACGTAGGG-1	1	B cells
AAGACAGAAGTCTG-1	1	B cells
AAGACAGAGGATCT-1	0	T cells
AAGACAGATTACCT-1	4	CD14+ monocytes
AAGAGATGGGTAGG-1	1	B cells
AAGATGGAAAACAG-1	1	B cells
AAGATGGAGAACTC-1	4	CD14+ monocytes
AAGATGGAGATAAG-1	4	CD14+ monocytes
AAGATTACAACCTG-1	0	T cells
AAGATTACAGATCC-1	4	CD14+ monocytes
AAGATTACCCGTTC-1	4	CD14+ monocytes
AAGATTACCGCCTT-1	6	Dendritic cells
AAGATTACCTCAAG-1	3	NK / cytotoxic cells
AAGATTACTCCTCG-1	4	CD14+ monocytes
AAGCAAGAGCGAGA-1	0	T cells
AAGCAAGAGCTTAG-1	3	NK / cytotoxic cells
AAGCAAGAGGTGTT-1	3	NK / cytotoxic cells
AAGCACTGAGCAAA-1	1	B cells
AAGCACTGCATACG-1	3	NK / cytotoxic cells
AAGCACTGGTTCTT-1	1	B cells
AAGCCAACGTGTTG-1	0	T cells
AAGCCATGAACTGC-1	6	Dendritic cells
AAGCCATGACACGT-1	4	CD14+ monocytes
AAGCCATGCGTGAT-1	0	T cells
AAGCCATGTCTCGC-1	0	T cells
AAGCCTGACATGCA-1	0	T cells
AAGCCTGACCGAAT-1	4	CD14+ monocytes
AAGCGACTCCTCAC-1	2	Monocytes / myeloid cells
AAGCGACTGTGTCA-1	0	T cells
AAGCGACTTACAGC-1	1	B cells
AAGCGACTTTGACG-1	2	Monocytes / myeloid cells
AAGCGTACGTCTTT-1	0	T cells
AAGGCTTGCGAACT-1	3	NK / cytotoxic cells
AAGGTCACGGTTAC-1	4	CD14+ monocytes
AAGGTCACTGTTTC-1	1	B cells
AAGGTCACTTCCCG-1	3	NK / cytotoxic cells
AAGGTCTGACAGTC-1	0	T cells
AAGGTCTGCAGATC-1	5	T-like / uncertain
AAGTAACTCTGAAC-1	4	CD14+ monocytes
AAGTAACTGAGATA-1	1	B cells
AAGTAGGATACAGC-1	3	NK / cytotoxic cells
AAGTATACCGAACT-1	0	T cells
AAGTCCGACTTGTT-1	0	T cells
AAGTCCGATAGAAG-1	0	T cells
AAGTCTCTAGTCGT-1	0	T cells
AAGTCTCTCGGAGA-1	3	NK / cytotoxic cells
AAGTGGCTTGGAGG-1	1	B cells
AAGTTCCTCATTCT-1	2	Monocytes / myeloid cells
AAGTTCCTTCTTAC-1	0	T cells
AATAAGCTCGAATC-1	0	T cells
AATAAGCTCGTTGA-1	0	T cells
AATACCCTGGACGA-1	1	B cells
AATACCCTGGCATT-1	0	T cells
AATACTGAAAGGGC-1	3	NK / cytotoxic cells
AATACTGAATTGGC-1	3	NK / cytotoxic cells
AATAGGGAACCCTC-1	1	B cells
AATAGGGAGAATGA-1	3	NK / cytotoxic cells
AATCAAACTATCGG-1	3	NK / cytotoxic cells
AATCCGGAATGCTG-1	1	B cells
AATCCTACCGGTAT-1	0	T cells
AATCCTTGACGGGA-1	4	CD14+ monocytes
AATCCTTGGTGAGG-1	3	NK / cytotoxic cells
AATCGGTGGAACTC-1	3	NK / cytotoxic cells
AATCGGTGTGCTTT-1	0	T cells
AATCTAGAAAAGTG-1	0	T cells
AATCTAGAATCGGT-1	0	T cells
AATCTCACAGCCTA-1	4	CD14+ monocytes
AATCTCACTCTAGG-1	0	T cells
AATCTCTGAACAGA-1	0	T cells
AATCTCTGCTTTAC-1	3	NK / cytotoxic cells
AATGATACACCAAC-1	3	NK / cytotoxic cells
AATGATACGGTCAT-1	2	Monocytes / myeloid cells
AATGCGTGACACCA-1	1	B cells
AATGCGTGGACGGA-1	6	Dendritic cells
AATGCGTGGCTATG-1	1	B cells
AATGGAGAATCGTG-1	4	CD14+ monocytes
AATGGAGATCCTTA-1	3	NK / cytotoxic cells
AATGGCTGACACCA-1	1	B cells
AATGGCTGCGTGAT-1	0	T cells
AATGGCTGTAAAGG-1	0	T cells
AATGGCTGTACTCT-1	3	NK / cytotoxic cells
AATGGCTGTGAAGA-1	0	T cells
AATGTAACGGTGGA-1	0	T cells
AATGTCCTCTTCTA-1	0	T cells
AATGTTGACAGTCA-1	0	T cells
AATGTTGAGTTGAC-1	4	CD14+ monocytes
AATGTTGATCTACT-1	0	T cells
AATTACGAATTCCT-1	6	Dendritic cells
AATTACGACTTCTA-1	0	T cells
AATTACGAGTGAGG-1	0	T cells
AATTACGATTGGCA-1	1	B cells
AATTCCTGCTCAGA-1	1	B cells
AATTGATGTCGCAA-1	2	Monocytes / myeloid cells
AATTGTGACTTGGA-1	1	B cells
ACAAAGGAGGGTGA-1	0	T cells
ACAAATTGATTCTC-1	2	Monocytes / myeloid cells
ACAAATTGCTCAGA-1	4	CD14+ monocytes
ACAAATTGTTGCGA-1	3	NK / cytotoxic cells
ACAACCGAGGGATG-1	3	NK / cytotoxic cells
ACAACCGAGTTACG-1	0	T cells
ACAAGAGAAGTCGT-1	4	CD14+ monocytes
ACAAGAGACTTATC-1	5	T-like / uncertain
ACAAGAGAGTTGAC-1	1	B cells
ACAATCCTAACCGT-1	0	T cells
ACAATCCTTAGCGT-1	1	B cells
ACAATTGACTGACA-1	3	NK / cytotoxic cells
ACAATTGATGACTG-1	3	NK / cytotoxic cells
ACACAGACCATACG-1	3	NK / cytotoxic cells
ACACCAGAGGGCAA-1	0	T cells
ACACCCTGGTGTTG-1	3	NK / cytotoxic cells
ACACGAACAGTTCG-1	0	T cells
ACACGATGACGCAT-1	3	NK / cytotoxic cells
ACACGATGATGTGC-1	4	CD14+ monocytes
ACACGATGTCGTAG-1	3	NK / cytotoxic cells
ACACGATGTGGTCA-1	3	NK / cytotoxic cells
ACAGACACGGCATT-1	0	T cells
ACAGACACGTTGTG-1	0	T cells
ACAGCAACACCTAG-1	4	CD14+ monocytes
ACAGCAACCTCAAG-1	2	Monocytes / myeloid cells
ACAGGTACCCCACT-1	0	T cells
ACAGGTACGCTGTA-1	3	NK / cytotoxic cells
ACAGGTACTGGTGT-1	3	NK / cytotoxic cells
ACAGTCGACCCAAA-1	0	T cells
ACAGTCGACCGATA-1	3	NK / cytotoxic cells
ACAGTGACTCACCC-1	3	NK / cytotoxic cells
ACAGTGACTCTATC-1	3	NK / cytotoxic cells
ACAGTGTGGTCACA-1	5	T-like / uncertain
ACAGTGTGTTGCGA-1	4	CD14+ monocytes
ACATCACTCTACTT-1	4	CD14+ monocytes
ACATGGTGAAGCCT-1	0	T cells
ACATGGTGCAACCA-1	1	B cells
ACATGGTGCGAGTT-1	0	T cells
ACATTCTGGCATAC-1	0	T cells
ACATTCTGGGAACG-1	4	CD14+ monocytes
ACCAACGACATGCA-1	0	T cells
ACCACAGAAAGTAG-1	5	T-like / uncertain
ACCACAGAGTTGGT-1	0	T cells
ACCACCTGTGTGCA-1	0	T cells
ACCACGCTACAGCT-1	0	T cells
ACCACGCTACCCAA-1	3	NK / cytotoxic cells
ACCACGCTGCGAGA-1	0	T cells
ACCACGCTGCTGTA-1	0	T cells
ACCAGCCTGACAGG-1	0	T cells
ACCAGTGAACGGTT-1	1	B cells
ACCAGTGAATACCG-1	2	Monocytes / myeloid cells
ACCAGTGAGGGATG-1	0	T cells
ACCAGTGATGACTG-1	4	CD14+ monocytes
ACCATTACCTTCTA-1	0	T cells
ACCATTACGAGATA-1	0	T cells
ACCATTTGTCATTC-1	0	T cells
ACCCAAGAACTGTG-1	3	NK / cytotoxic cells
ACCCAAGAATTCCT-1	2	Monocytes / myeloid cells
ACCCAAGAGGACAG-1	0	T cells
ACCCAAGATTCACT-1	1	B cells
ACCCACTGCGCCTT-1	4	CD14+ monocytes
ACCCACTGGACAGG-1	5	T-like / uncertain
ACCCACTGGTTCAG-1	7	Platelets
ACCCACTGTCGTAG-1	4	CD14+ monocytes
ACCCAGCTCAGAAA-1	0	T cells
ACCCAGCTGTTAGC-1	4	CD14+ monocytes
ACCCAGCTTGCTTT-1	0	T cells
ACCCGTTGATGACC-1	1	B cells
ACCCGTTGCTGCAA-1	0	T cells
ACCCGTTGCTTCTA-1	6	Dendritic cells
ACCCTCGACCTATT-1	0	T cells
ACCCTCGACGGTAT-1	1	B cells
ACCCTCGATAAGGA-1	2	Monocytes / myeloid cells
ACCCTCGATCAAGC-1	2	Monocytes / myeloid cells
ACCGTGCTACCAGT-1	0	T cells
ACCGTGCTGGAACG-1	1	B cells
ACCTATTGCTGAGT-1	1	B cells
ACCTATTGTGCCCT-1	2	Monocytes / myeloid cells
ACCTCCGAGTCCTC-1	0	T cells
ACCTCCGATATGCG-1	0	T cells
ACCTCCGATGCTGA-1	0	T cells
ACCTCGTGAACCAC-1	3	NK / cytotoxic cells
ACCTGAGATATCGG-1	4	CD14+ monocytes
ACCTGGCTAAGTAG-1	3	NK / cytotoxic cells
ACCTTTGACTCCCA-1	2	Monocytes / myeloid cells
ACCTTTGAGGAACG-1	4	CD14+ monocytes
ACCTTTGAGGAAGC-1	2	Monocytes / myeloid cells
ACGAACACCTTGTT-1	3	NK / cytotoxic cells
ACGAACTGGCTATG-1	7	Platelets
ACGAAGCTCTCCAC-1	5	T-like / uncertain
ACGAAGCTCTGAGT-1	1	B cells
ACGACCCTATCTCT-1	2	Monocytes / myeloid cells
ACGACCCTGATGAA-1	3	NK / cytotoxic cells
ACGACCCTTGACAC-1	1	B cells
ACGACCCTTGACCA-1	0	T cells
ACGAGGGACAGGAG-1	6	Dendritic cells
ACGAGGGACGAACT-1	0	T cells
ACGAGGGATGTAGC-1	0	T cells
ACGAGTACCCTAAG-1	1	B cells
ACGAGTACGAATCC-1	1	B cells
ACGATCGAGGACTT-1	3	NK / cytotoxic cells
ACGATCGAGTCACA-1	4	CD14+ monocytes
ACGATGACAATGCC-1	0	T cells
ACGATGACTGGTCA-1	0	T cells
ACGATTCTACGGGA-1	3	NK / cytotoxic cells
ACGCAATGGTTCAG-1	3	NK / cytotoxic cells
ACGCACCTGTTAGC-1	1	B cells
ACGCCACTGAACTC-1	4	CD14+ monocytes
ACGCCGGAAACCAC-1	4	CD14+ monocytes
ACGCCGGAAAGCCT-1	0	T cells
ACGCCGGAAATGCC-1	0	T cells
ACGCCTTGCTCCCA-1	2	Monocytes / myeloid cells
ACGCGGTGGCGAGA-1	0	T cells
ACGCGGTGTGTGGT-1	1	B cells
ACGCGGTGTTTGCT-1	3	NK / cytotoxic cells
ACGCTCACAGTACC-1	0	T cells
ACGCTCACCCTTGC-1	0	T cells
ACGCTGCTGTTCTT-1	3	NK / cytotoxic cells
ACGGAACTCAGATC-1	3	NK / cytotoxic cells
ACGGAACTGTCGTA-1	2	Monocytes / myeloid cells
ACGGAGGACTCTTA-1	4	CD14+ monocytes
ACGGATTGGGAGGT-1	1	B cells
ACGGATTGGTTAGC-1	0	T cells
ACGGCTCTGAGCAG-1	0	T cells
ACGGCTCTTGCACA-1	0	T cells
ACGGTAACCGCTAA-1	0	T cells
ACGGTAACCTTCGC-1	3	NK / cytotoxic cells
ACGGTAACGGTGGA-1	5	T-like / uncertain
ACGGTAACTCGCAA-1	3	NK / cytotoxic cells
ACGGTATGAGTCGT-1	4	CD14+ monocytes
ACGGTATGGGTATC-1	1	B cells
ACGGTATGGTTGTG-1	1	B cells
ACGGTCCTAACGGG-1	0	T cells
ACGGTCCTCGGGAA-1	0	T cells
ACGTAGACAACCAC-1	0	T cells
ACGTAGACTACAGC-1	1	B cells
ACGTCAGAAACGAA-1	0	T cells
ACGTCAGAGAGCTT-1	4	CD14+ monocytes
ACGTCAGAGGGATG-1	0	T cells
ACGTCCTGATAAGG-1	4	CD14+ monocytes
ACGTCCTGTGAACC-1	2	Monocytes / myeloid cells
ACGTCGCTCCTGAA-1	3	NK / cytotoxic cells
ACGTCGCTCTATTC-1	4	CD14+ monocytes
ACGTCGCTTCTCAT-1	1	B cells
ACGTGATGCCATGA-1	6	Dendritic cells
ACGTGATGGGTCTA-1	0	T cells
ACGTGATGTAACCG-1	2	Monocytes / myeloid cells
ACGTGATGTGACAC-1	3	NK / cytotoxic cells
ACGTGCCTCCGTAA-1	0	T cells
ACGTGCCTTCTATC-1	3	NK / cytotoxic cells
ACGTTACTTTCCAT-1	0	T cells
ACGTTGGAAAAGCA-1	0	T cells
ACGTTGGAAACCTG-1	3	NK / cytotoxic cells
ACGTTGGACCGTAA-1	4	CD14+ monocytes
ACGTTGGAGCCAAT-1	3	NK / cytotoxic cells
ACGTTGGATATGGC-1	1	B cells
ACGTTGGATCAGGT-1	2	Monocytes / myeloid cells
ACGTTTACATCAGC-1	0	T cells
ACTAAAACCCACAA-1	0	T cells
ACTAAAACTCGACA-1	4	CD14+ monocytes
ACTACGGAATTTCC-1	0	T cells
ACTACGGACCTATT-1	0	T cells
ACTACGGATCGCTC-1	0	T cells
ACTACTACTAAGGA-1	0	T cells
ACTAGGTGGAACCT-1	0	T cells
ACTAGGTGGAACTC-1	0	T cells
ACTATCACCTTGGA-1	3	NK / cytotoxic cells
ACTATCACTGCCAA-1	0	T cells
ACTCAGGACTGAAC-1	0	T cells
ACTCAGGATCTATC-1	1	B cells
ACTCAGGATTCGTT-1	4	CD14+ monocytes
ACTCCTCTCAACTG-1	0	T cells
ACTCGCACGAAAGT-1	4	CD14+ monocytes
ACTCGCACTACGAC-1	4	CD14+ monocytes
ACTCTCCTGACACT-1	5	T-like / uncertain
ACTCTCCTGCATAC-1	0	T cells
ACTCTCCTGTTTGG-1	0	T cells
ACTGAGACAACCAC-1	3	NK / cytotoxic cells
ACTGAGACCCATAG-1	2	Monocytes / myeloid cells
ACTGAGACGTTGGT-1	1	B cells
ACTGCCACACACGT-1	3	NK / cytotoxic cells
ACTGCCACTCCGTC-1	3	NK / cytotoxic cells
ACTGGCCTTCAGTG-1	3	NK / cytotoxic cells
ACTGTGGACGTGTA-1	3	NK / cytotoxic cells
ACTGTGGATCTAGG-1	1	B cells
ACTGTTACCCACAA-1	4	CD14+ monocytes
ACTGTTACTGCAGT-1	0	T cells
ACTTAAGAACCACA-1	0	T cells
ACTTAAGATTACTC-1	6	Dendritic cells
ACTTAGCTGCGTAT-1	2	Monocytes / myeloid cells
ACTTAGCTGGGAGT-1	0	T cells
ACTTCAACAAGCAA-1	0	T cells
ACTTCAACGTAGGG-1	3	NK / cytotoxic cells
ACTTCCCTTTCCGC-1	0	T cells
ACTTCTGACATGCA-1	1	B cells
ACTTGACTCCACAA-1	1	B cells
ACTTGGGAGAAAGT-1	4	CD14+ monocytes
ACTTGGGAGGTTTG-1	0	T cells
ACTTGGGATGTGAC-1	2	Monocytes / myeloid cells
ACTTGGGATTGACG-1	4	CD14+ monocytes
ACTTGTACCTGTCC-1	5	T-like / uncertain
ACTTTGTGGAAAGT-1	0	T cells
ACTTTGTGGATAGA-1	4	CD14+ monocytes
AGAAACGAAAGTAG-1	1	B cells
AGAAAGTGCGCAAT-1	0	T cells
AGAAAGTGGGGATG-1	4	CD14+ monocytes
AGAACAGAAATGCC-1	3	NK / cytotoxic cells
AGAACAGACGACTA-1	1	B cells
AGAACAGAGACAAA-1	0	T cells
AGAACGCTTTGCTT-1	0	T cells
AGAAGATGTGACTG-1	0	T cells
AGAATGGAAGAAGT-1	3	NK / cytotoxic cells
AGAATTTGTAACCG-1	0	T cells
AGAATTTGTAGAGA-1	0	T cells
AGACACACTGTAGC-1	0	T cells
AGACACTGTCAAGC-1	4	CD14+ monocytes
AGACCTGAAGTAGA-1	4	CD14+ monocytes
AGACCTGACCAACA-1	0	T cells
AGACCTGAGGAAGC-1	3	NK / cytotoxic cells
AGACGTACAGAGGC-1	0	T cells
AGACGTACCCCTAC-1	1	B cells
AGACGTACCTCTTA-1	4	CD14+ monocytes
AGACGTACTCGTGA-1	2	Monocytes / myeloid cells
AGACTGACCATCAG-1	3	NK / cytotoxic cells
AGACTGACCCTTTA-1	0	T cells
AGACTTCTCATGCA-1	1	B cells
AGAGATGACAGTCA-1	1	B cells
AGAGATGACTGAAC-1	0	T cells
AGAGATGAGGTTTG-1	4	CD14+ monocytes
AGAGATGATCTCGC-1	1	B cells
AGAGATGATTGTGG-1	0	T cells
AGAGCGGAGGCAAG-1	2	Monocytes / myeloid cells
AGAGTCTGGTCGTA-1	2	Monocytes / myeloid cells
AGAGTGCTCAGCTA-1	0	T cells
AGAGTGCTCGAATC-1	0	T cells
AGAGTGCTGTCATG-1	0	T cells
AGAGTGCTGTCCTC-1	3	NK / cytotoxic cells
AGAGTGCTGTGTTG-1	1	B cells
AGATATACCCGTAA-1	3	NK / cytotoxic cells
AGATATACGATGAA-1	0	T cells
AGATATACTGTTCT-1	1	B cells
AGATATTGCCTACC-1	3	NK / cytotoxic cells
AGATATTGGCCAAT-1	4	CD14+ monocytes
AGATCGTGTCTGGA-1	4	CD14+ monocytes
AGATCGTGTTTGTC-1	1	B cells
AGATCTCTATCACG-1	1	B cells
AGATTAACGTTCTT-1	2	Monocytes / myeloid cells
AGATTCCTATCGTG-1	0	T cells
AGATTCCTCACTTT-1	4	CD14+ monocytes
AGATTCCTGACGAG-1	4	CD14+ monocytes
AGATTCCTGTTCAG-1	3	NK / cytotoxic cells
AGCAAAGATATGCG-1	0	T cells
AGCACAACAGTCTG-1	0	T cells
AGCACTGAGGGAGT-1	0	T cells
AGCACTGATATGCG-1	0	T cells
AGCACTGATGCTTT-1	6	Dendritic cells
AGCACTGATTGCGA-1	0	T cells
AGCATCGAAGATCC-1	0	T cells
AGCATCGAAGGGTG-1	1	B cells
AGCATCGAGCTTCC-1	4	CD14+ monocytes
AGCATCGAGTGAGG-1	0	T cells
AGCATCGATAACCG-1	4	CD14+ monocytes
AGCATGACGATGAA-1	3	NK / cytotoxic cells
AGCCAATGGGGAGT-1	2	Monocytes / myeloid cells
AGCCAATGTATCTC-1	0	T cells
AGCCACCTGGATCT-1	3	NK / cytotoxic cells
AGCCGGTGCCAATG-1	0	T cells
AGCCGGTGTGTTTC-1	0	T cells
AGCCGTCTCAATCG-1	0	T cells
AGCCGTCTGAGAGC-1	0	T cells
AGCCTCACGTTCGA-1	0	T cells
AGCCTCACTGTCAG-1	2	Monocytes / myeloid cells
AGCCTCTGCAGTTG-1	1	B cells
AGCCTCTGCCAATG-1	3	NK / cytotoxic cells
AGCGAACTGGATCT-1	0	T cells
AGCGAACTTACTGG-1	0	T cells
AGCGATACGGAGCA-1	0	T cells
AGCGATTGAGATCC-1	3	NK / cytotoxic cells
AGCGCCGAATCTCT-1	0	T cells
AGCGCCGACAGAGG-1	0	T cells
AGCGCTCTACCTTT-1	0	T cells
AGCGGCACCGGGAA-1	0	T cells
AGCGGCTGATGTGC-1	0	T cells
AGCGGGCTTGCCAA-1	0	T cells
AGCGTAACATGCTG-1	0	T cells
AGCGTAACTGAGAA-1	2	Monocytes / myeloid cells
AGCTCGCTACTGGT-1	0	T cells
AGCTCGCTCTGCTC-1	0	T cells
AGCTGAACCATACG-1	2	Monocytes / myeloid cells
AGCTGAACCTCTCG-1	0	T cells
AGCTGCCTTGGGAG-1	4	CD14+ monocytes
AGCTGCCTTTCATC-1	0	T cells
AGCTGCCTTTCTGT-1	0	T cells
AGCTGTGATCCAAG-1	0	T cells
AGCTTTACAAGTAG-1	0	T cells
AGCTTTACACCAAC-1	3	NK / cytotoxic cells
AGCTTTACTCTCAT-1	1	B cells
AGGAAATGAGGAGC-1	0	T cells
AGGAACCTCTTAGG-1	2	Monocytes / myeloid cells
AGGAACCTTGCCTC-1	3	NK / cytotoxic cells
AGGAATGATAACGC-1	0	T cells
AGGAATGATTTGTC-1	0	T cells
AGGAGTCTGGTTTG-1	0	T cells
AGGAGTCTTGTCAG-1	0	T cells
AGGATAGACATTTC-1	0	T cells
AGGATAGAGGATTC-1	3	NK / cytotoxic cells
AGGATGCTACTAGC-1	1	B cells
AGGATGCTTTAGGC-1	3	NK / cytotoxic cells
AGGCAACTGAAGGC-1	0	T cells
AGGCAGGAGTACCA-1	3	NK / cytotoxic cells
AGGCCTCTAGTCGT-1	0	T cells
AGGCCTCTCGGAGA-1	0	T cells
AGGCCTCTCGTAAC-1	5	T-like / uncertain
AGGGACGACGTTGA-1	0	T cells
AGGGACGAGTCAAC-1	3	NK / cytotoxic cells
AGGGACGAGTTGTG-1	0	T cells
AGGGACGATAGAGA-1	3	NK / cytotoxic cells
AGGGACGATGCATG-1	3	NK / cytotoxic cells
AGGGAGTGAGCCTA-1	0	T cells
AGGGCCACCATACG-1	0	T cells
AGGGCGCTAACCAC-1	4	CD14+ monocytes
AGGGCGCTATGGTC-1	0	T cells
AGGGTGGACAGTCA-1	1	B cells
AGGGTGGACTCAAG-1	4	CD14+ monocytes
AGGGTGGAGTTGCA-1	3	NK / cytotoxic cells
AGGGTTTGTTCATC-1	4	CD14+ monocytes
AGGTCATGAGTGTC-1	1	B cells
AGGTCATGCTTATC-1	3	NK / cytotoxic cells
AGGTCTGATTCTCA-1	2	Monocytes / myeloid cells
AGGTGGGAAGAATG-1	0	T cells
AGGTGGGAAGTTCG-1	0	T cells
AGGTGTTGGTTACG-1	1	B cells
AGGTTCGAACCTCC-1	4	CD14+ monocytes
AGGTTCGAACGTAC-1	4	CD14+ monocytes
AGGTTCGAGGGTGA-1	0	T cells
AGTAAGGAGTTTGG-1	0	T cells
AGTAAGGATTCTTG-1	0	T cells
AGTAATACATCACG-1	3	NK / cytotoxic cells
AGTAATACCGAACT-1	1	B cells
AGTAATTGTCCCAC-1	0	T cells
AGTACGTGAGGGTG-1	0	T cells
AGTACGTGCTGCAA-1	0	T cells
AGTACGTGCTTGGA-1	0	T cells
AGTACTCTACGTGT-1	1	B cells
AGTACTCTCAACCA-1	3	NK / cytotoxic cells
AGTACTCTCGGTAT-1	0	T cells
AGTAGGCTTGCCTC-1	2	Monocytes / myeloid cells
AGTATAACTTGTCT-1	2	Monocytes / myeloid cells
AGTATCCTAGAACA-1	0	T cells
AGTCACGATGAGCT-1	3	NK / cytotoxic cells
AGTCAGACGAATAG-1	0	T cells
AGTCAGACGCTTAG-1	0	T cells
AGTCAGACTAGAGA-1	3	NK / cytotoxic cells
AGTCAGACTGCACA-1	0	T cells
AGTCCAGATATCTC-1	0	T cells
AGTCCAGATTTCAC-1	0	T cells
AGTCGAACCAACCA-1	0	T cells
AGTCGCCTCCGTAA-1	0	T cells
AGTCTACTAGGGTG-1	4	CD14+ monocytes
AGTCTACTTGCATG-1	2	Monocytes / myeloid cells
AGTCTTACACCACA-1	0	T cells
AGTCTTACTTCGCC-1	3	NK / cytotoxic cells
AGTCTTACTTCGGA-1	7	Platelets
AGTGACTGCAACTG-1	2	Monocytes / myeloid cells
AGTGTTCTAACCTG-1	0	T cells
AGTGTTCTATAAGG-1	0	T cells
AGTGTTCTCACTTT-1	4	CD14+ monocytes
AGTTAAACCACTTT-1	0	T cells
AGTTATGAACAGTC-1	4	CD14+ monocytes
AGTTATGACTGAGT-1	0	T cells
AGTTATGAGTTCAG-1	0	T cells
AGTTCTACCAGCTA-1	4	CD14+ monocytes
AGTTCTTGAAGCCT-1	3	NK / cytotoxic cells
AGTTGTCTACTACG-1	0	T cells
AGTTTAGATGGTCA-1	0	T cells
AGTTTCACGGTCTA-1	3	NK / cytotoxic cells
AGTTTGCTACAGTC-1	0	T cells
AGTTTGCTACTGGT-1	3	NK / cytotoxic cells
AGTTTGCTCCAAGT-1	0	T cells
ATAAACACAGTGCT-1	1	B cells
ATAAACACCACCAA-1	0	T cells
ATAACAACATGCTG-1	4	CD14+ monocytes
ATAACAACGTCTAG-1	0	T cells
ATAACAACTTTGTC-1	0	T cells
ATAACATGTACTCT-1	0	T cells
ATAACCCTGTTGGT-1	3	NK / cytotoxic cells
ATAACCCTTGGTAC-1	0	T cells
ATAAGTACGAATGA-1	1	B cells
ATAAGTTGGTACGT-1	2	Monocytes / myeloid cells
ATAAGTTGTCTAGG-1	0	T cells
ATAATCGAGCTGAT-1	1	B cells
ATAATCGATGGTTG-1	0	T cells
ATAATGACCTACTT-1	0	T cells
ATAATGACTCGTGA-1	4	CD14+ monocytes
ATACAATGTTAGGC-1	0	T cells
ATACCACTCGTACA-1	4	CD14+ monocytes
ATACCACTCTAAGC-1	6	Dendritic cells
ATACCACTGCCAAT-1	3	NK / cytotoxic cells
ATACCGGAATGCTG-1	6	Dendritic cells
ATACCGGACATTTC-1	4	CD14+ monocytes
ATACCGGACTTCGC-1	0	T cells
ATACCGGAGGTGTT-1	4	CD14+ monocytes
ATACCGGATCTCGC-1	0	T cells
ATACCTACGCATCA-1	0	T cells
ATACCTTGGGGCAA-1	0	T cells
ATACGGACAGACTC-1	4	CD14+ monocytes
ATACGGACCTACTT-1	4	CD14+ monocytes
ATACGGACGAGGTG-1	1	B cells
ATACGGACTATGCG-1	1	B cells
ATACGGACTCTGGA-1	4	CD14+ monocytes
ATACGTCTTAACGC-1	4	CD14+ monocytes
ATACTCTGCTTCGC-1	2	Monocytes / myeloid cells
ATACTCTGGTATGC-1	3	NK / cytotoxic cells
ATAGATACCATGGT-1	0	T cells
ATAGATACGACGAG-1	0	T cells
ATAGATTGGTGTAC-1	1	B cells
ATAGCCGAACGGAG-1	0	T cells
ATAGCGTGCAGATC-1	0	T cells
ATAGCGTGCCCTTG-1	4	CD14+ monocytes
ATAGCGTGGTATCG-1	4	CD14+ monocytes
ATAGCGTGTCTCTA-1	0	T cells
ATAGCTCTCTGATG-1	5	T-like / uncertain
ATAGCTCTGAGGTG-1	0	T cells
ATAGGAGAAACAGA-1	2	Monocytes / myeloid cells
ATAGGCTGTCAGAC-1	0	T cells
ATAGTCCTAGTGTC-1	4	CD14+ monocytes
ATAGTCCTTGCATG-1	3	NK / cytotoxic cells
ATAGTCCTTGTCGA-1	0	T cells
ATAGTTGACAACTG-1	0	T cells
ATAGTTGACCCTCA-1	2	Monocytes / myeloid cells
ATAGTTGAGACGTT-1	5	T-like / uncertain
ATAGTTGATAAGCC-1	0	T cells
ATATACGAAGCCAT-1	0	T cells
ATATACGAATTGGC-1	0	T cells
ATATAGTGGAATGA-1	4	CD14+ monocytes
ATATGCCTAGATCC-1	4	CD14+ monocytes
ATATGCCTGGACAG-1	0	T cells
ATATGCCTTCTCTA-1	0	T cells
ATATGCCTTGGTAC-1	0	T cells
ATCAAATGAGCCTA-1	4	CD14+ monocytes
ATCAAATGGGTAAA-1	2	Monocytes / myeloid cells
ATCAACCTAAACGA-1	0	T cells
ATCAACCTGAGGAC-1	0	T cells
ATCAACCTTCTCTA-1	3	NK / cytotoxic cells
ATCAACCTTTGTCT-1	3	NK / cytotoxic cells
ATCACACTTTGTCT-1	0	T cells
ATCACGGATTTCGT-1	1	B cells
ATCATCTGACACCA-1	7	Platelets
ATCATGCTAGAGTA-1	3	NK / cytotoxic cells
ATCATGCTGAACCT-1	1	B cells
ATCCAGGACGCTAA-1	2	Monocytes / myeloid cells
ATCCAGGATGGAAA-1	0	T cells
ATCCATACTCCTTA-1	4	CD14+ monocytes
ATCCATACTTCATC-1	2	Monocytes / myeloid cells
ATCCCGTGCAGTCA-1	3	NK / cytotoxic cells
ATCCCGTGCATGCA-1	1	B cells
ATCCCGTGGCTGAT-1	1	B cells
ATCCGCACGCATCA-1	1	B cells
ATCCTAACGACGGA-1	1	B cells
ATCCTAACGCTACA-1	0	T cells
ATCGACGAAACTGC-1	4	CD14+ monocytes
ATCGACGAATGACC-1	0	T cells
ATCGAGTGGACGTT-1	3	NK / cytotoxic cells
ATCGCAGAATCTCT-1	2	Monocytes / myeloid cells
ATCGCAGAGTGTCA-1	1	B cells
ATCGCCACTGAGGG-1	3	NK / cytotoxic cells
ATCGCCTGGGTCAT-1	0	T cells
ATCGCCTGTGGCAT-1	1	B cells
ATCGCGCTCAGAGG-1	4	CD14+ monocytes
ATCGCGCTGGGATG-1	0	T cells
ATCGCGCTTTTCGT-1	1	B cells
ATCGGAACCAGTCA-1	0	T cells
ATCGGTGAGTCAAC-1	0	T cells
ATCGGTGATTGCAG-1	0	T cells
ATCGTTTGCCTACC-1	4	CD14+ monocytes
ATCGTTTGGGTACT-1	4	CD14+ monocytes
ATCGTTTGTGCCAA-1	4	CD14+ monocytes
ATCTACACCCGCTT-1	4	CD14+ monocytes
ATCTACACCGGGAA-1	0	T cells
ATCTCAACAGGAGC-1	1	B cells
ATCTCAACCTCGAA-1	5	T-like / uncertain
ATCTCAACCTTGTT-1	4	CD14+ monocytes
ATCTGGGAAACCAC-1	4	CD14+ monocytes
ATCTGGGAAGTGTC-1	2	Monocytes / myeloid cells
ATCTGGGATTCCGC-1	3	NK / cytotoxic cells
ATCTGTTGAACGGG-1	0	T cells
ATCTGTTGACCTCC-1	0	T cells
ATCTGTTGCCTTCG-1	2	Monocytes / myeloid cells
ATCTGTTGGTTGCA-1	0	T cells
ATCTTGACACCAAC-1	0	T cells
ATCTTGACCTCCCA-1	4	CD14+ monocytes
ATCTTTCTGCATCA-1	5	T-like / uncertain
ATCTTTCTGTTTCT-1	3	NK / cytotoxic cells
ATCTTTCTTGTCCC-1	3	NK / cytotoxic cells
ATGAAACTCTGTGA-1	0	T cells
ATGAAACTGAGGCA-1	0	T cells
ATGAAGGAACAGCT-1	3	NK / cytotoxic cells
ATGAAGGACCTGTC-1	1	B cells
ATGAAGGACCTTAT-1	1	B cells
ATGAAGGACTAGTG-1	1	B cells
ATGAAGGACTTGCC-1	3	NK / cytotoxic cells
ATGACGTGACGACT-1	1	B cells
ATGACGTGATCGGT-1	2	Monocytes / myeloid cells
ATGAGAGAAAGTGA-1	0	T cells
ATGAGAGAACGCAT-1	0	T cells
ATGAGAGAAGTAGA-1	1	B cells
ATGAGCACACAGCT-1	0	T cells
ATGAGCACATCTTC-1	0	T cells
ATGATAACTTCACT-1	3	NK / cytotoxic cells
ATGATATGAAACAG-1	0	T cells
ATGATATGACTGGT-1	0	T cells
ATGATATGAGCACT-1	0	T cells
ATGATATGGTCATG-1	0	T cells
ATGATATGGTGCTA-1	3	NK / cytotoxic cells
ATGATATGTTGTCT-1	2	Monocytes / myeloid cells
ATGCACGAATGTCG-1	1	B cells
ATGCACGACTGTAG-1	0	T cells
ATGCACGAGAACCT-1	1	B cells
ATGCACGAGTTCGA-1	0	T cells
ATGCACGATTGGTG-1	2	Monocytes / myeloid cells
ATGCAGTGTTACCT-1	1	B cells
ATGCAGTGTTCTAC-1	0	T cells
ATGCCAGAACGACT-1	0	T cells
ATGCCAGACAGTCA-1	4	CD14+ monocytes
ATGCCGCTTGAACC-1	4	CD14+ monocytes
ATGCGATGCTATGG-1	4	CD14+ monocytes
ATGCGATGCTGAGT-1	0	T cells
ATGCGATGGTTACG-1	1	B cells
ATGCGCCTTCATTC-1	0	T cells
ATGCTTTGCGAATC-1	0	T cells
ATGCTTTGGGCGAA-1	3	NK / cytotoxic cells
ATGCTTTGTAGTCG-1	1	B cells
ATGGACACATCGGT-1	0	T cells
ATGGACACGCATCA-1	3	NK / cytotoxic cells
ATGGGTACAACCTG-1	1	B cells
ATGGGTACATCGGT-1	3	NK / cytotoxic cells
ATGGGTACTATTCC-1	0	T cells
ATGGGTACTGGGAG-1	0	T cells
ATGTAAACACCTCC-1	0	T cells
ATGTAAACCCGCTT-1	0	T cells
ATGTAAACGGGATG-1	6	Dendritic cells
ATGTAAACTCTCCG-1	0	T cells
ATGTAAACTTCACT-1	4	CD14+ monocytes
ATGTACCTCAGTCA-1	0	T cells
ATGTACCTTAGTCG-1	0	T cells
ATGTACCTTTATCC-1	4	CD14+ monocytes
ATGTACCTTTCACT-1	3	NK / cytotoxic cells
ATGTCACTAATGCC-1	4	CD14+ monocytes
ATGTCACTCTGCTC-1	0	T cells
ATGTCGGAGGTGAG-1	0	T cells
ATGTTCACAGTCTG-1	4	CD14+ monocytes
ATGTTCACCGTAGT-1	0	T cells
ATGTTGCTTTCAGG-1	0	T cells
ATTAACGATGAGAA-1	3	NK / cytotoxic cells
ATTAACGATGCAAC-1	3	NK / cytotoxic cells
ATTAAGACTGCAGT-1	0	T cells
ATTACCTGCCTTAT-1	4	CD14+ monocytes
ATTACCTGGAGGAC-1	2	Monocytes / myeloid cells
ATTAGATGTTTCAC-1	5	T-like / uncertain
ATTATGGAATCTCT-1	0	T cells
ATTCAAGAACGGGA-1	0	T cells
ATTCAAGACCTTTA-1	0	T cells
ATTCAGCTCATTGG-1	7	Platelets
ATTCCAACCATTGG-1	4	CD14+ monocytes
ATTCCAACTTAGGC-1	3	NK / cytotoxic cells
ATTCGACTCACTAG-1	0	T cells
ATTCGACTGAATAG-1	4	CD14+ monocytes
ATTCGACTTTTGTC-1	2	Monocytes / myeloid cells
ATTCGGGAAAGGCG-1	4	CD14+ monocytes
ATTCGGGATTAGGC-1	0	T cells
ATTCTTCTGATACC-1	0	T cells
ATTGAATGGACGGA-1	0	T cells
ATTGATGAAGGTTC-1	0	T cells
ATTGATGACTGAGT-1	0	T cells
ATTGATGAGCGAAG-1	0	T cells
ATTGATGATCTATC-1	0	T cells
ATTGCACTGACGGA-1	0	T cells
ATTGCACTGAGAGC-1	2	Monocytes / myeloid cells
ATTGCACTGGAGCA-1	4	CD14+ monocytes
ATTGCACTTAGCCA-1	0	T cells
ATTGCACTTGCTTT-1	2	Monocytes / myeloid cells
ATTGCTTGTTACTC-1	1	B cells
ATTGGTCTGACTAC-1	1	B cells
ATTGGTCTTGTCTT-1	1	B cells
ATTGTAGATTCCCG-1	6	Dendritic cells
ATTGTAGATTGCAG-1	0	T cells
ATTGTCTGCGTACA-1	0	T cells
ATTTAGGAACCATG-1	2	Monocytes / myeloid cells
ATTTAGGACAGAGG-1	0	T cells
ATTTCCGAGATGAA-1	0	T cells
ATTTCCGAGTGCTA-1	0	T cells
ATTTCGTGTATGGC-1	3	NK / cytotoxic cells
ATTTCTCTACTTTC-1	2	Monocytes / myeloid cells
ATTTCTCTAGCAAA-1	0	T cells
ATTTCTCTCACTTT-1	2	Monocytes / myeloid cells
ATTTCTCTTCCCAC-1	0	T cells
ATTTGCACAAGATG-1	4	CD14+ monocytes
CAAAGCACAGCTCA-1	0	T cells
CAAAGCACCGTAAC-1	1	B cells
CAAAGCACGGTAAA-1	3	NK / cytotoxic cells
CAAAGCTGAAAGTG-1	0	T cells
CAAAGCTGTTGCTT-1	4	CD14+ monocytes
CAAATATGTGACAC-1	0	T cells
CAAATTGAGGGCAA-1	0	T cells
CAAATTGATGGAGG-1	4	CD14+ monocytes
CAACCAGAAAAGTG-1	0	T cells
CAACCAGAAGTGCT-1	0	T cells
CAACCAGAGTTCAG-1	4	CD14+ monocytes
CAACCAGATAGAAG-1	4	CD14+ monocytes
CAACCGCTGTTCAG-1	0	T cells
CAACCGCTTTGAGC-1	0	T cells
CAACGATGCGCAAT-1	2	Monocytes / myeloid cells
CAACGTGACTCCAC-1	4	CD14+ monocytes
CAACGTGAGCCATA-1	3	NK / cytotoxic cells
CAACGTGATCAAGC-1	4	CD14+ monocytes
CAAGAAGACCACAA-1	3	NK / cytotoxic cells
CAAGAAGACGTCTC-1	2	Monocytes / myeloid cells
CAAGAAGATTCTAC-1	0	T cells
CAAGACTGACCTGA-1	1	B cells
CAAGACTGAGTAGA-1	1	B cells
CAAGCTGACCATAG-1	2	Monocytes / myeloid cells
CAAGCTGATCTATC-1	3	NK / cytotoxic cells
CAAGGACTGTTCAG-1	0	T cells
CAAGGACTTCTTTG-1	3	NK / cytotoxic cells
CAAGGTTGCTCCAC-1	0	T cells
CAAGGTTGTCATTC-1	1	B cells
CAAGGTTGTCTGGA-1	3	NK / cytotoxic cells
CAAGTCGAAACAGA-1	1	B cells
CAAGTCGATAGCGT-1	4	CD14+ monocytes
CAATAAACGCCATA-1	4	CD14+ monocytes
CAATAATGAACTGC-1	4	CD14+ monocytes
CAATATGACATGGT-1	0	T cells
CAATATGACCTTCG-1	3	NK / cytotoxic cells
CAATATGACGTTAG-1	0	T cells
CAATATGAGGAGCA-1	0	T cells
CAATCGGAGAAACA-1	0	T cells
CAATCTACTGACTG-1	3	NK / cytotoxic cells
CAATTCACCCAACA-1	3	NK / cytotoxic cells
CAATTCACGATAGA-1	0	T cells
CAATTCACTTGTGG-1	5	T-like / uncertain
CAATTCTGCTTGTT-1	4	CD14+ monocytes
CAATTCTGGCGTAT-1	4	CD14+ monocytes
CACAACGATACGAC-1	0	T cells
CACAATCTTGTTCT-1	0	T cells
CACAATCTTTCCAT-1	3	NK / cytotoxic cells
CACACCTGCTTGAG-1	0	T cells
CACACCTGTATGGC-1	0	T cells
CACAGAACCCTTGC-1	1	B cells
CACAGAACCTGATG-1	0	T cells
CACAGATGGGATTC-1	0	T cells
CACAGATGGTTTCT-1	4	CD14+ monocytes
CACAGCCTGATACC-1	0	T cells
CACAGCCTTGCCAA-1	2	Monocytes / myeloid cells
CACAGCCTTGTAGC-1	0	T cells
CACAGTGATGAAGA-1	4	CD14+ monocytes
CACATACTACAGCT-1	3	NK / cytotoxic cells
CACATGGAACACGT-1	0	T cells
CACATGGAAGTCGT-1	0	T cells
CACCACTGCCAACA-1	0	T cells
CACCACTGGCGAAG-1	3	NK / cytotoxic cells
CACCCATGTTCTGT-1	5	T-like / uncertain
CACCGGGAATCGAC-1	0	T cells
CACCGGGACGAGAG-1	3	NK / cytotoxic cells
CACCGGGACGTGTA-1	0	T cells
CACCGGGACTTCTA-1	0	T cells
CACCGGGACTTGCC-1	3	NK / cytotoxic cells
CACCGGGATTCGGA-1	3	NK / cytotoxic cells
CACCGTACTAAGGA-1	1	B cells
CACCGTACTAGCGT-1	0	T cells
CACCTGACACCCAA-1	3	NK / cytotoxic cells
CACCTGACCAGAAA-1	0	T cells
CACCTGACCTCAAG-1	3	NK / cytotoxic cells
CACCTGACGAAAGT-1	1	B cells
CACCTGACTCGTAG-1	0	T cells
CACGAAACTTCCGC-1	1	B cells
CACGACCTCGATAC-1	1	B cells
CACGCTACAGAAGT-1	0	T cells
CACGCTACTGTTCT-1	1	B cells
CACGGGACAGAGTA-1	0	T cells
CACGGGACATAAGG-1	0	T cells
CACGGGACGTAGGG-1	0	T cells
CACGGGTGCTTCGC-1	3	NK / cytotoxic cells
CACGGGTGGAGGAC-1	3	NK / cytotoxic cells
CACGGGTGTGTTTC-1	5	T-like / uncertain
CACTAACTCCTAAG-1	1	B cells
CACTAACTGAAAGT-1	0	T cells
CACTAGGATGATGC-1	1	B cells
CACTATACCCCGTT-1	1	B cells
CACTATACGTTTGG-1	3	NK / cytotoxic cells
CACTGAGACAGTCA-1	4	CD14+ monocytes
CACTGCACTTCATC-1	0	T cells
CACTGCTGAGACTC-1	2	Monocytes / myeloid cells
CACTGCTGGAAAGT-1	0	T cells
CACTTAACCGAATC-1	0	T cells
CACTTAACCGTACA-1	1	B cells
CACTTTGACTCTAT-1	3	NK / cytotoxic cells
CACTTTGAGCTGTA-1	3	NK / cytotoxic cells
CAGAAGCTCTCAAG-1	0	T cells
CAGACATGAACGGG-1	0	T cells
CAGACATGTCGACA-1	0	T cells
CAGACCCTAAGGTA-1	2	Monocytes / myeloid cells
CAGACCCTAATGCC-1	0	T cells
CAGACCCTAGGAGC-1	0	T cells
CAGACTGAGTATGC-1	0	T cells
CAGATCGAATGTCG-1	1	B cells
CAGATCGACCTGAA-1	3	NK / cytotoxic cells
CAGATCGATATGGC-1	0	T cells
CAGATGACATTCTC-1	3	NK / cytotoxic cells
CAGCAATGCCTTCG-1	0	T cells
CAGCAATGGAGGGT-1	3	NK / cytotoxic cells
CAGCAATGGTGCTA-1	0	T cells
CAGCAATGTCTACT-1	4	CD14+ monocytes
CAGCAATGTGACCA-1	5	T-like / uncertain
CAGCAATGTGAGGG-1	4	CD14+ monocytes
CAGCACCTAAGCCT-1	0	T cells
CAGCACCTAGGCGA-1	0	T cells
CAGCACCTGTAGGG-1	4	CD14+ monocytes
CAGCATGACAACCA-1	4	CD14+ monocytes
CAGCATGAGACGTT-1	3	NK / cytotoxic cells
CAGCCTACCCAACA-1	0	T cells
CAGCCTTGCTACCC-1	4	CD14+ monocytes
CAGCCTTGGGGACA-1	0	T cells
CAGCGGACACCCTC-1	0	T cells
CAGCGGACCTTTAC-1	3	NK / cytotoxic cells
CAGCGTCTAAAGCA-1	0	T cells
CAGCGTCTTATCGG-1	0	T cells
CAGCTAGATGTGAC-1	4	CD14+ monocytes
CAGCTCTGAGGCGA-1	0	T cells
CAGCTCTGCAAGCT-1	3	NK / cytotoxic cells
CAGCTCTGTCGTAG-1	4	CD14+ monocytes
CAGCTCTGTGTGGT-1	3	NK / cytotoxic cells
CAGGAACTAACTGC-1	3	NK / cytotoxic cells
CAGGAACTCTCAGA-1	4	CD14+ monocytes
CAGGCCGAACACCA-1	0	T cells
CAGGCCGAACACGT-1	0	T cells
CAGGCCGAACGACT-1	0	T cells
CAGGCCGAATCTCT-1	2	Monocytes / myeloid cells
CAGGCCGACTAGCA-1	1	B cells
CAGGGCACCATACG-1	1	B cells
CAGGGCACCCAACA-1	0	T cells
CAGGGCACTCCCGT-1	0	T cells
CAGGTAACAGACTC-1	2	Monocytes / myeloid cells
CAGGTATGAGTCGT-1	0	T cells
CAGGTATGTGCTTT-1	0	T cells
CAGGTTGAGGATCT-1	1	B cells
CAGTGATGGACGGA-1	1	B cells
CAGTGATGGCTAAC-1	3	NK / cytotoxic cells
CAGTGATGGGACAG-1	0	T cells
CAGTGATGTAAGGA-1	1	B cells
CAGTGATGTACGCA-1	5	T-like / uncertain
CAGTGTGATGTCAG-1	0	T cells
CAGTTACTAAGGTA-1	1	B cells
CAGTTACTGATAGA-1	0	T cells
CAGTTGGAAAGAGT-1	4	CD14+ monocytes
CAGTTGGACATACG-1	0	T cells
CAGTTTACACACGT-1	3	NK / cytotoxic cells
CAGTTTACCCCAAA-1	0	T cells
CATAAAACGGAGCA-1	4	CD14+ monocytes
CATAAATGAACTGC-1	0	T cells
CATAACCTTCTCCG-1	0	T cells
CATACTACCTCGAA-1	0	T cells
CATACTACCTGAAC-1	0	T cells
CATACTACGTACCA-1	4	CD14+ monocytes
CATACTTGGGTTAC-1	2	Monocytes / myeloid cells
CATAGTCTAATCGC-1	0	T cells
CATAGTCTCACTTT-1	0	T cells
CATATAGACTAAGC-1	6	Dendritic cells
CATATAGATCAGGT-1	1	B cells
CATCAACTAGAAGT-1	0	T cells
CATCAACTCCCTCA-1	0	T cells
CATCAGGACTTCCG-1	3	NK / cytotoxic cells
CATCAGGATAGCCA-1	3	NK / cytotoxic cells
CATCAGGATCCTAT-1	2	Monocytes / myeloid cells
CATCAGGATGCACA-1	4	CD14+ monocytes
CATCAGGATTTCGT-1	4	CD14+ monocytes
CATCATACCGCATA-1	2	Monocytes / myeloid cells
CATCATACGGAGCA-1	1	B cells
CATCATACTCAAGC-1	0	T cells
CATCGCTGGGATCT-1	0	T cells
CATCGCTGTGGCAT-1	1	B cells
CATCGGCTATGCTG-1	0	T cells
CATCGGCTTTGGCA-1	0	T cells
CATCTCCTATGTGC-1	1	B cells
CATCTCCTCGAACT-1	2	Monocytes / myeloid cells
CATGAGACACGGGA-1	1	B cells
CATGAGACGTTGAC-1	3	NK / cytotoxic cells
CATGAGACTCGCCT-1	5	T-like / uncertain
CATGCCACGGGTGA-1	0	T cells
CATGCCACTGCCAA-1	0	T cells
CATGCGCTAGTCAC-1	2	Monocytes / myeloid cells
CATGCGCTCAGATC-1	4	CD14+ monocytes
CATGCGCTTTGCAG-1	2	Monocytes / myeloid cells
CATGGCCTAGGGTG-1	4	CD14+ monocytes
CATGGCCTGTGCAT-1	0	T cells
CATGTACTATCGTG-1	3	NK / cytotoxic cells
CATGTTACAGTCGT-1	3	NK / cytotoxic cells
CATGTTACCTGAGT-1	0	T cells
CATGTTTGGGGATG-1	4	CD14+ monocytes
CATTACACACGGAG-1	1	B cells
CATTACACCAACTG-1	3	NK / cytotoxic cells
CATTACACGGAGTG-1	0	T cells
CATTACACTACTCT-1	0	T cells
CATTAGCTCCACAA-1	4	CD14+ monocytes
CATTGACTAGCGGA-1	4	CD14+ monocytes
CATTGGGACTCGAA-1	0	T cells
CATTGTACAGCGTT-1	0	T cells
CATTGTACTCGATG-1	1	B cells
CATTGTACTTATCC-1	0	T cells
CATTGTACTTTGCT-1	2	Monocytes / myeloid cells
CATTGTTGCTAGTG-1	0	T cells
CATTTCGACTCTAT-1	3	NK / cytotoxic cells
CATTTCGAGATACC-1	3	NK / cytotoxic cells
CATTTGACCACACA-1	3	NK / cytotoxic cells
CATTTGACCCTGAA-1	3	NK / cytotoxic cells
CATTTGTGACGACT-1	1	B cells
CATTTGTGCATTGG-1	0	T cells
CATTTGTGCGGAGA-1	0	T cells
CATTTGTGGGATCT-1	1	B cells
CCAAAGTGCTACGA-1	2	Monocytes / myeloid cells
CCAAAGTGTGAGAA-1	4	CD14+ monocytes
CCAACCTGAAGTAG-1	3	NK / cytotoxic cells
CCAACCTGACGTAC-1	4	CD14+ monocytes
CCAACCTGTTCGCC-1	4	CD14+ monocytes
CCAAGAACCCAATG-1	0	T cells
CCAAGAACGTAGCT-1	0	T cells
CCAAGAACGTGTCA-1	0	T cells
CCAAGAACTACTGG-1	3	NK / cytotoxic cells
CCAAGAACTCCTAT-1	1	B cells
CCAAGATGTCATTC-1	0	T cells
CCAAGATGTTTCAC-1	0	T cells
CCAAGTGAGGAACG-1	0	T cells
CCAAGTGATCAAGC-1	0	T cells
CCAATTTGAACGTC-1	4	CD14+ monocytes
CCACCATGAACGTC-1	0	T cells
CCACCATGATCGGT-1	0	T cells
CCACCATGGACGAG-1	2	Monocytes / myeloid cells
CCACCATGGGGAGT-1	0	T cells
CCACCATGTCCTGC-1	3	NK / cytotoxic cells
CCACTGACCCGCTT-1	4	CD14+ monocytes
CCACTGTGGGAAGC-1	4	CD14+ monocytes
CCACTGTGTGTAGC-1	0	T cells
CCACTTCTCGGGAA-1	4	CD14+ monocytes
CCAGAAACCCTGTC-1	1	B cells
CCAGAAACGAACTC-1	0	T cells
CCAGAAACGGTCTA-1	0	T cells
CCAGACCTCTGAGT-1	4	CD14+ monocytes
CCAGACCTTGTGGT-1	0	T cells
CCAGCACTGCGATT-1	2	Monocytes / myeloid cells
CCAGCGGAAAGGCG-1	4	CD14+ monocytes
CCAGCGGACGACTA-1	4	CD14+ monocytes
CCAGCGGATGGGAG-1	0	T cells
CCAGCTACACAGTC-1	0	T cells
CCAGCTACCAGCTA-1	1	B cells
CCAGGTCTACACCA-1	1	B cells
CCAGGTCTAGCATC-1	4	CD14+ monocytes
CCAGGTCTATGGTC-1	0	T cells
CCAGTCACACTGGT-1	4	CD14+ monocytes
CCAGTCACACTGTG-1	1	B cells
CCAGTCACGTTGTG-1	0	T cells
CCAGTGCTAACCAC-1	0	T cells
CCAGTGCTCGTAGT-1	0	T cells
CCATCCGAAAGCAA-1	0	T cells
CCATCCGAACGACT-1	3	NK / cytotoxic cells
CCATCCGAAGGTTC-1	1	B cells
CCATCCGATTCGCC-1	4	CD14+ monocytes
CCATCGTGAACGGG-1	0	T cells
CCATCGTGCTAGAC-1	2	Monocytes / myeloid cells
CCCAACACCTCGCT-1	1	B cells
CCCAACACGCATCA-1	0	T cells
CCCAACACTTTGTC-1	4	CD14+ monocytes
CCCAACTGCAATCG-1	4	CD14+ monocytes
CCCAGACTGCCTTC-1	2	Monocytes / myeloid cells
CCCAGACTGGTTTG-1	1	B cells
CCCAGACTTTCGCC-1	2	Monocytes / myeloid cells
CCCAGTTGCAGTTG-1	4	CD14+ monocytes
CCCAGTTGGGTACT-1	0	T cells
CCCAGTTGTCTATC-1	1	B cells
CCCGATTGTGTTTC-1	0	T cells
CCCGGAGAAGGGTG-1	4	CD14+ monocytes
CCCTACGAATTGGC-1	4	CD14+ monocytes
CCCTAGTGCAAAGA-1	0	T cells
CCCTCAGACACTTT-1	1	B cells
CCCTCAGACGAGAG-1	0	T cells
CCCTCAGAGGTCAT-1	0	T cells
CCCTGAACTAAAGG-1	1	B cells
CCCTGATGCAACCA-1	0	T cells
CCCTGATGCAAGCT-1	1	B cells
CCCTTACTAACCAC-1	4	CD14+ monocytes
CCCTTACTGCAGTT-1	0	T cells
CCGAAAACCTTGTT-1	2	Monocytes / myeloid cells
CCGACACTGGTTTG-1	0	T cells
CCGACTACCCAGTA-1	4	CD14+ monocytes
CCGACTACCGTGTA-1	5	T-like / uncertain
CCGACTACTGAGGG-1	0	T cells
CCGATAGACCTAAG-1	5	T-like / uncertain
CCGATAGAGTTGGT-1	2	Monocytes / myeloid cells
CCGCGAGACACACA-1	4	CD14+ monocytes
CCGCGAGAGGTTCA-1	3	NK / cytotoxic cells
CCGCTATGGGACGA-1	1	B cells
CCGCTATGTGCAAC-1	4	CD14+ monocytes
CCGCTATGTGCACA-1	4	CD14+ monocytes
CCGGTACTGTCCTC-1	0	T cells
CCGTACACAAGCAA-1	0	T cells
CCGTACACAGCGTT-1	1	B cells
CCGTACACGTCATG-1	3	NK / cytotoxic cells
CCGTACACGTTGGT-1	4	CD14+ monocytes
CCGTACACTAACGC-1	0	T cells
CCTAAACTTTCGTT-1	0	T cells
CCTAAGGACCCAAA-1	0	T cells
CCTAAGGACTAGCA-1	4	CD14+ monocytes
CCTAAGGAGGGCAA-1	3	NK / cytotoxic cells
CCTAAGGATGATGC-1	0	T cells
CCTAAGGATGTCAG-1	0	T cells
CCTACCGACTCTTA-1	0	T cells
CCTACCGAGGGATG-1	1	B cells
CCTAGAGAGGTGAG-1	1	B cells
CCTATAACCAAAGA-1	0	T cells
CCTATAACGAGACG-1	2	Monocytes / myeloid cells
CCTATAACTCAGAC-1	0	T cells
CCTATAACTGCATG-1	2	Monocytes / myeloid cells
CCTCGAACACTTTC-1	3	NK / cytotoxic cells
CCTCGAACCCGTAA-1	4	CD14+ monocytes
CCTCGAACGTATCG-1	0	T cells
CCTCGAACTTACTC-1	0	T cells
CCTCTACTCTTCGC-1	4	CD14+ monocytes
CCTCTACTGGCATT-1	0	T cells
CCTGACTGAAGTAG-1	3	NK / cytotoxic cells
CCTGACTGGGGAGT-1	0	T cells
CCTGACTGTGTCTT-1	1	B cells
CCTGCAACACGTTG-1	4	CD14+ monocytes
CCTGGACTCGTGAT-1	0	T cells
CCTTAATGCCCAAA-1	1	B cells
CCTTAATGTTCTAC-1	2	Monocytes / myeloid cells
CCTTCACTACGACT-1	0	T cells
CCTTCACTCAGTCA-1	1	B cells
CCTTCACTGGAGTG-1	4	CD14+ monocytes
CCTTTAGATTCATC-1	4	CD14+ monocytes
CGAACATGCCCTAC-1	2	Monocytes / myeloid cells
CGAACATGTCAGAC-1	0	T cells
CGAAGACTGGAACG-1	3	NK / cytotoxic cells
CGAAGACTGTTACG-1	0	T cells
CGAAGGGAAACCTG-1	3	NK / cytotoxic cells
CGAAGGGATCCGAA-1	1	B cells
CGAAGTACCAACTG-1	1	B cells
CGAATCGAGGAGCA-1	4	CD14+ monocytes
CGAATCGAGGAGGT-1	0	T cells
CGACAAACCCATAG-1	0	T cells
CGACAAACCGACAT-1	1	B cells
CGACCACTAAAGTG-1	3	NK / cytotoxic cells
CGACCACTGCCAAT-1	3	NK / cytotoxic cells
CGACCGGAAGGTCT-1	0	T cells
CGACCGGATGGAAA-1	0	T cells
CGACCTTGCTAGTG-1	0	T cells
CGACGTCTATCGTG-1	0	T cells
CGACGTCTCGTGTA-1	0	T cells
CGACGTCTGAGGCA-1	5	T-like / uncertain
CGACTCACGTCGTA-1	0	T cells
CGACTCACGTTGCA-1	3	NK / cytotoxic cells
CGACTCTGTGTGAC-1	0	T cells
CGACTGCTTCCTCG-1	4	CD14+ monocytes
CGAGAACTAAGGCG-1	3	NK / cytotoxic cells
CGAGAACTACGTTG-1	0	T cells
CGAGAACTTGTTCT-1	4	CD14+ monocytes
CGAGATTGGACACT-1	3	NK / cytotoxic cells
CGAGATTGGCCATA-1	3	NK / cytotoxic cells
CGAGCCGAACACCA-1	0	T cells
CGAGCCGAGGCGAA-1	0	T cells
CGAGCGTGCTCCAC-1	0	T cells
CGAGCGTGGATACC-1	0	T cells
CGAGCGTGTATGCG-1	4	CD14+ monocytes
CGAGGAGACCTCCA-1	1	B cells
CGAGGAGATGTCGA-1	5	T-like / uncertain
CGAGGCACCTATGG-1	3	NK / cytotoxic cells
CGAGGCACTATGCG-1	4	CD14+ monocytes
CGAGGCACTCTTCA-1	0	T cells
CGAGGCTGACGCTA-1	3	NK / cytotoxic cells
CGAGGCTGGCAGTT-1	4	CD14+ monocytes
CGAGGGCTACGACT-1	1	B cells
CGAGGGCTCGAATC-1	5	T-like / uncertain
CGAGTATGTCACCC-1	2	Monocytes / myeloid cells
CGATACGAACAGTC-1	4	CD14+ monocytes
CGATACGACAGGAG-1	0	T cells
CGATACGATTCACT-1	1	B cells
CGATAGACCCGTAA-1	2	Monocytes / myeloid cells
CGATAGACCGTACA-1	0	T cells
CGATAGACGTAGGG-1	4	CD14+ monocytes
CGATAGACTGTTCT-1	0	T cells
CGATCAGAAGAACA-1	3	NK / cytotoxic cells
CGATCAGAGAGGGT-1	0	T cells
CGATCAGAGGTACT-1	0	T cells
CGATCAGATGTGAC-1	6	Dendritic cells
CGATCCACCGGGAA-1	3	NK / cytotoxic cells
CGATCCACTTCCAT-1	1	B cells
CGCAAATGCTCGAA-1	5	T-like / uncertain
CGCAACCTCCTTGC-1	0	T cells
CGCAACCTGGACGA-1	0	T cells
CGCACGGAGGACGA-1	1	B cells
CGCACGGATCTTTG-1	0	T cells
CGCACTACAGAATG-1	0	T cells
CGCACTACAGCCAT-1	0	T cells
CGCACTACATTGGC-1	0	T cells
CGCACTACTCGCCT-1	1	B cells
CGCACTACTCGTGA-1	0	T cells
CGCACTTGTCACGA-1	4	CD14+ monocytes
CGCAGGACAGATCC-1	3	NK / cytotoxic cells
CGCAGGACCTACTT-1	5	T-like / uncertain
CGCAGGACTTGTCT-1	2	Monocytes / myeloid cells
CGCAGGTGCACTGA-1	0	T cells
CGCAGGTGCCATAG-1	2	Monocytes / myeloid cells
CGCAGGTGGGAACG-1	0	T cells
CGCATAGATCACGA-1	4	CD14+ monocytes
CGCCATACTGCAAC-1	0	T cells
CGCCATTGAGAGGC-1	0	T cells
CGCCATTGCTATGG-1	0	T cells
CGCCATTGGAGACG-1	0	T cells
CGCCATTGGAGCAG-1	1	B cells
CGCCATTGTACTGG-1	1	B cells
CGCCGAGAGCTTAG-1	3	NK / cytotoxic cells
CGCCTAACGAATGA-1	6	Dendritic cells
CGCCTAACTGCTCC-1	0	T cells
CGCGAGACACAGCT-1	0	T cells
CGCGAGACAGGTCT-1	1	B cells
CGCGAGACGCTACA-1	0	T cells
CGCGATCTCAGTCA-1	4	CD14+ monocytes
CGCGATCTGTTGAC-1	4	CD14+ monocytes
CGCGATCTTTCTTG-1	1	B cells
CGCGGATGGCCAAT-1	0	T cells
CGCTAAGAATGTCG-1	0	T cells
CGCTAAGACAACTG-1	0	T cells
CGCTAAGACCCTTG-1	0	T cells
CGCTACTGAACAGA-1	4	CD14+ monocytes
CGCTACTGAGAACA-1	0	T cells
CGCTACTGTGAGCT-1	0	T cells
CGCTACTGTTCCCG-1	0	T cells
CGCTCATGCATTTC-1	4	CD14+ monocytes
CGGAATTGGTTTGG-1	0	T cells
CGGAATTGTGGAGG-1	0	T cells
CGGACCGATGCGTA-1	3	NK / cytotoxic cells
CGGACCGATGGGAG-1	0	T cells
CGGACTCTAAACAG-1	1	B cells
CGGACTCTCCAATG-1	0	T cells
CGGACTCTCCTCGT-1	3	NK / cytotoxic cells
CGGAGGCTATTCCT-1	5	T-like / uncertain
CGGAGGCTTGGATC-1	0	T cells
CGGATAACAACGAA-1	4	CD14+ monocytes
CGGATAACAGCTCA-1	0	T cells
CGGATAACTCAGTG-1	4	CD14+ monocytes
CGGCACGAACTCAG-1	3	NK / cytotoxic cells
CGGCACGAAGGGTG-1	0	T cells
CGGCACGACTACGA-1	2	Monocytes / myeloid cells
CGGCATCTTAGAAG-1	0	T cells
CGGCATCTTCGTAG-1	4	CD14+ monocytes
CGGCCAGAAAGGTA-1	0	T cells
CGGCCAGAGAGGCA-1	3	NK / cytotoxic cells
CGGCGAACCAGTCA-1	2	Monocytes / myeloid cells
CGGCGAACGACAAA-1	3	NK / cytotoxic cells
CGGCGAACGGTCTA-1	0	T cells
CGGCGAACTACTTC-1	3	NK / cytotoxic cells
CGGGACTGCGTGTA-1	0	T cells
CGGGACTGGAATAG-1	3	NK / cytotoxic cells
CGGGCATGACCCAA-1	3	NK / cytotoxic cells
CGGGCATGTCTCTA-1	3	NK / cytotoxic cells
CGGGCATGTTGTGG-1	0	T cells
CGGTAAACTCGCAA-1	0	T cells
CGGTCACTGTTTGG-1	0	T cells
CGGTCACTTACTTC-1	0	T cells
CGTAACGATCGCCT-1	0	T cells
CGTACCACACACAC-1	0	T cells
CGTACCACACGTTG-1	0	T cells
CGTACCACCTCATT-1	0	T cells
CGTACCACGGAGCA-1	0	T cells
CGTACCTGGCATCA-1	3	NK / cytotoxic cells
CGTAGCCTCTCTCG-1	4	CD14+ monocytes
CGTAGCCTGCGAAG-1	0	T cells
CGTAGCCTGTATGC-1	2	Monocytes / myeloid cells
CGTCAAGAAAGGTA-1	4	CD14+ monocytes
CGTCAAGAACGTGT-1	0	T cells
CGTCAAGACAGAGG-1	0	T cells
CGTCAAGACAGGAG-1	3	NK / cytotoxic cells
CGTCCATGCTCTTA-1	0	T cells
CGTCGACTTTCCGC-1	3	NK / cytotoxic cells
CGTGATGACGCTAA-1	0	T cells
CGTGATGAGGTTCA-1	0	T cells
CGTGCACTTATGGC-1	4	CD14+ monocytes
CGTGTAGAAAAACG-1	0	T cells
CGTGTAGACGATAC-1	3	NK / cytotoxic cells
CGTGTAGAGTTACG-1	3	NK / cytotoxic cells
CGTGTAGAGTTCAG-1	4	CD14+ monocytes
CGTGTAGATTCGGA-1	3	NK / cytotoxic cells
CGTTAGGAAACCAC-1	0	T cells
CGTTAGGATCATTC-1	4	CD14+ monocytes
CGTTATACCCTGAA-1	3	NK / cytotoxic cells
CGTTTAACTGGTCA-1	0	T cells
CTAAACCTCTGACA-1	3	NK / cytotoxic cells
CTAAACCTGTGCAT-1	1	B cells
CTAACACTAACGTC-1	0	T cells
CTAACACTAGTGCT-1	2	Monocytes / myeloid cells
CTAACGGAACCGAT-1	3	NK / cytotoxic cells
CTAACGGATTTCTG-1	0	T cells
CTAACTACGGCAAG-1	0	T cells
CTAAGGACACCATG-1	0	T cells
CTAAGGACCGTTAG-1	0	T cells
CTAAGGACGCCATA-1	4	CD14+ monocytes
CTAAGGTGCCTAAG-1	1	B cells
CTAAGGTGTTGCAG-1	0	T cells
CTAAGGTGTTTCTG-1	0	T cells
CTAATAGAGCTATG-1	5	T-like / uncertain
CTAATGCTTGTGGT-1	4	CD14+ monocytes
CTACAACTCCCGTT-1	3	NK / cytotoxic cells
CTACCTCTCAACCA-1	0	T cells
CTACGCACACCTAG-1	2	Monocytes / myeloid cells
CTACGCACTCTCCG-1	0	T cells
CTACGCACTGGTCA-1	3	NK / cytotoxic cells
CTACGGCTTTCTTG-1	2	Monocytes / myeloid cells
CTACTATGAACCAC-1	4	CD14+ monocytes
CTACTATGATGTGC-1	4	CD14+ monocytes
CTACTATGCTAAGC-1	3	NK / cytotoxic cells
CTACTATGTAAAGG-1	1	B cells
CTACTCCTATGTCG-1	3	NK / cytotoxic cells
CTACTCCTGCCATA-1	4	CD14+ monocytes
CTAGAGACACTTTC-1	0	T cells
CTAGAGACAGCATC-1	3	NK / cytotoxic cells
CTAGAGACTTTGGG-1	2	Monocytes / myeloid cells
CTAGATCTCTCTAT-1	0	T cells
CTAGATCTTCGACA-1	0	T cells
CTAGGATGAGCCTA-1	1	B cells
CTAGGATGATCGTG-1	1	B cells
CTAGGCCTCTCAGA-1	0	T cells
CTAGGTGATGGTTG-1	2	Monocytes / myeloid cells
CTAGTTACCAGAGG-1	0	T cells
CTAGTTACCGCATA-1	0	T cells
CTAGTTACGAAACA-1	3	NK / cytotoxic cells
CTATAAGATCGTTT-1	1	B cells
CTATACTGAGGTTC-1	4	CD14+ monocytes
CTATACTGCCAGTA-1	0	T cells
CTATACTGCGCTAA-1	4	CD14+ monocytes
CTATACTGCTACGA-1	3	NK / cytotoxic cells
CTATACTGTCTCAT-1	3	NK / cytotoxic cells
CTATACTGTTCGTT-1	0	T cells
CTATAGCTGTCACA-1	5	T-like / uncertain
CTATAGCTTCGCTC-1	4	CD14+ monocytes
CTATAGCTTGCCTC-1	4	CD14+ monocytes
CTATCAACGAACTC-1	0	T cells
CTATCAACGCAGAG-1	0	T cells
CTATCAACTTTGGG-1	0	T cells
CTATCCCTCCACCT-1	4	CD14+ monocytes
CTATGTACGAGAGC-1	0	T cells
CTATGTACGCTTAG-1	0	T cells
CTATGTACTGTTTC-1	0	T cells
CTATGTTGAAAGCA-1	0	T cells
CTATGTTGTCCTCG-1	0	T cells
CTATGTTGTCTCGC-1	0	T cells
CTATTGACAAACGA-1	4	CD14+ monocytes
CTATTGACACTGGT-1	2	Monocytes / myeloid cells
CTATTGACGGTGAG-1	2	Monocytes / myeloid cells
CTATTGTGGCAAGG-1	0	T cells
CTCAATTGGTTCAG-1	0	T cells
CTCAATTGGTTGCA-1	4	CD14+ monocytes
CTCAGAGATAGAAG-1	0	T cells
CTCAGCACTCTAGG-1	0	T cells
CTCAGCACTGAACC-1	4	CD14+ monocytes
CTCAGCACTTGCAG-1	0	T cells
CTCAGCTGAACCTG-1	4	CD14+ monocytes
CTCAGCTGCAGTTG-1	0	T cells
CTCAGGCTCGTTGA-1	2	Monocytes / myeloid cells
CTCAGGCTGCTAAC-1	0	T cells
CTCATTGACCTTAT-1	0	T cells
CTCATTGATGCTTT-1	2	Monocytes / myeloid cells
CTCCACGAGAGATA-1	6	Dendritic cells
CTCCATCTCTTAGG-1	0	T cells
CTCCATCTGACGAG-1	0	T cells
CTCCGAACAAGTGA-1	2	Monocytes / myeloid cells
CTCCTACTGCCTTC-1	4	CD14+ monocytes
CTCGAAGATGTGGT-1	0	T cells
CTCGAAGATTAGGC-1	4	CD14+ monocytes
CTCGACTGCTCTAT-1	5	T-like / uncertain
CTCGACTGGGTGAG-1	0	T cells
CTCGACTGGTTGAC-1	3	NK / cytotoxic cells
CTCGAGCTCTGGAT-1	3	NK / cytotoxic cells
CTCGCATGACTTTC-1	3	NK / cytotoxic cells
CTCGCATGCTTAGG-1	0	T cells
CTCTAAACCTCGAA-1	0	T cells
CTCTAAACGGCGAA-1	0	T cells
CTCTAATGTCCAAG-1	4	CD14+ monocytes
CTGAACGACAGTCA-1	0	T cells
CTGAACGATGAGGG-1	0	T cells
CTGAAGACCCAACA-1	0	T cells
CTGAAGACGTGCAT-1	1	B cells
CTGAAGTGAAGCCT-1	2	Monocytes / myeloid cells
CTGAAGTGCAGCTA-1	1	B cells
CTGAAGTGGCTATG-1	0	T cells
CTGAAGTGTCCAGA-1	0	T cells
CTGAATCTGAATAG-1	0	T cells
CTGACAGAATCGTG-1	3	NK / cytotoxic cells
CTGACCACAGCAAA-1	0	T cells
CTGAGAACCGGGAA-1	0	T cells
CTGAGAACGTAAAG-1	3	NK / cytotoxic cells
CTGATACTAGTAGA-1	0	T cells
CTGATTTGGTGTTG-1	4	CD14+ monocytes
CTGCAGCTAACCGT-1	0	T cells
CTGCAGCTGACACT-1	0	T cells
CTGCAGCTGGATTC-1	2	Monocytes / myeloid cells
CTGCAGCTTGGCAT-1	3	NK / cytotoxic cells
CTGCCAACAGGAGC-1	3	NK / cytotoxic cells
CTGCCAACCAGCTA-1	0	T cells
CTGCCAACTAACCG-1	2	Monocytes / myeloid cells
CTGCCAACTGCTCC-1	3	NK / cytotoxic cells
CTGCCAACTTGCAG-1	0	T cells
CTGCCAACTTGCTT-1	3	NK / cytotoxic cells
CTGCGACTCCACCT-1	3	NK / cytotoxic cells
CTGGAAACAAACGA-1	3	NK / cytotoxic cells
CTGGAAACATCGAC-1	0	T cells
CTGGATGACTGGAT-1	3	NK / cytotoxic cells
CTGGATGACTTGTT-1	0	T cells
CTGGATGATGTGAC-1	1	B cells
CTGGCACTCAAGCT-1	4	CD14+ monocytes
CTGTAACTAACCAC-1	0	T cells
CTGTAACTAGCGTT-1	0	T cells
CTGTATACGTAAAG-1	0	T cells
CTGTATACGTACGT-1	4	CD14+ monocytes
CTGTATACGTTGGT-1	0	T cells
CTGTGAGACAACCA-1	2	Monocytes / myeloid cells
CTGTGAGACCTTGC-1	3	NK / cytotoxic cells
CTGTGAGACGAACT-1	4	CD14+ monocytes
CTGTGAGACTGTAG-1	4	CD14+ monocytes
CTTAAAGAACCTGA-1	0	T cells
CTTAACACCTGTAG-1	0	T cells
CTTAACACTATCGG-1	1	B cells
CTTAAGCTACCTAG-1	0	T cells
CTTAAGCTAGTACC-1	0	T cells
CTTAAGCTCATCAG-1	0	T cells
CTTAAGCTCCGCTT-1	1	B cells
CTTACAACTAACGC-1	0	T cells
CTTACAACTCCCGT-1	4	CD14+ monocytes
CTTACTGACGTACA-1	0	T cells
CTTAGACTAAACGA-1	0	T cells
CTTAGGGACTTGCC-1	0	T cells
CTTAGGGAGAATCC-1	0	T cells
CTTATCGACTCATT-1	0	T cells
CTTCACCTACCTGA-1	2	Monocytes / myeloid cells
CTTCATGAAGCATC-1	1	B cells
CTTCATGAAGTACC-1	5	T-like / uncertain
CTTCATGACCGAAT-1	3	NK / cytotoxic cells
CTTGAACTACGCAT-1	0	T cells
CTTGATTGAGGTTC-1	3	NK / cytotoxic cells
CTTGATTGATCTTC-1	4	CD14+ monocytes
CTTGATTGCATTCT-1	0	T cells
CTTGATTGTTTCGT-1	0	T cells
CTTGTATGACACCA-1	1	B cells
CTTGTATGCGCAAT-1	1	B cells
CTTTACGAGCGAAG-1	0	T cells
CTTTAGACCGTGAT-1	5	T-like / uncertain
CTTTAGACGAGACG-1	0	T cells
CTTTAGACGATACC-1	0	T cells
CTTTAGACGTTGGT-1	3	NK / cytotoxic cells
CTTTAGACTCATTC-1	3	NK / cytotoxic cells
CTTTAGTGACGGGA-1	3	NK / cytotoxic cells
CTTTAGTGGGTGGA-1	0	T cells
CTTTCAGAGAAACA-1	0	T cells
CTTTGATGAGCACT-1	0	T cells
CTTTGATGTCTAGG-1	3	NK / cytotoxic cells
CTTTGATGTGTCCC-1	0	T cells
CTTTGATGTGTGGT-1	0	T cells
GAAACAGAACTACG-1	0	T cells
GAAACAGAATCACG-1	0	T cells
GAAACAGACATTCT-1	0	T cells
GAAACCTGATCGTG-1	0	T cells
GAAACCTGATGCCA-1	0	T cells
GAAACCTGCTTATC-1	0	T cells
GAAACCTGGACTAC-1	2	Monocytes / myeloid cells
GAAACCTGTGCTAG-1	0	T cells
GAAAGATGATTTCC-1	0	T cells
GAAAGATGCTGATG-1	2	Monocytes / myeloid cells
GAAAGATGCTTCGC-1	4	CD14+ monocytes
GAAAGATGTAAGGA-1	5	T-like / uncertain
GAAAGCCTACGTTG-1	1	B cells
GAAAGTGAAAGTGA-1	6	Dendritic cells
GAAAGTGACCACAA-1	4	CD14+ monocytes
GAAAGTGACTCAAG-1	0	T cells
GAAATACTACCAAC-1	4	CD14+ monocytes
GAAATACTCTTAGG-1	1	B cells
GAAATACTTCCTCG-1	0	T cells
GAACACACGTGCAT-1	2	Monocytes / myeloid cells
GAACACACTGCCTC-1	0	T cells
GAACAGCTAACTGC-1	2	Monocytes / myeloid cells
GAACAGCTCTCAGA-1	2	Monocytes / myeloid cells
GAACCAACCACAAC-1	5	T-like / uncertain
GAACCAACTTCCGC-1	3	NK / cytotoxic cells
GAACCTGAACGTGT-1	0	T cells
GAACCTGAGAGACG-1	0	T cells
GAACCTGATGAACC-1	0	T cells
GAACGGGATACTTC-1	0	T cells
GAACTGTGACCTGA-1	2	Monocytes / myeloid cells
GAACTGTGCCAGTA-1	4	CD14+ monocytes
GAAGAATGCAATCG-1	0	T cells
GAAGCGGACCTATT-1	4	CD14+ monocytes
GAAGCTACGAATGA-1	4	CD14+ monocytes
GAAGCTACGGTTTG-1	0	T cells
GAAGGGTGAAAGTG-1	0	T cells
GAAGGGTGCTTAGG-1	4	CD14+ monocytes
GAAGGTCTGAAAGT-1	0	T cells
GAAGGTCTGTTGCA-1	0	T cells
GAAGGTCTTAAAGG-1	6	Dendritic cells
GAAGTAGACTCCCA-1	3	NK / cytotoxic cells
GAAGTAGATCCAAG-1	2	Monocytes / myeloid cells
GAAGTCACCCTCGT-1	4	CD14+ monocytes
GAAGTCACCCTGTC-1	1	B cells
GAAGTCTGTCGCAA-1	1	B cells
GAAGTCTGTTCTGT-1	0	T cells
GAAGTGCTAAACGA-1	3	NK / cytotoxic cells
GAAGTGCTCCGCTT-1	4	CD14+ monocytes
GAAGTGCTTAACCG-1	0	T cells
GAATGCACCCTAAG-1	0	T cells
GAATGCACCTTCGC-1	3	NK / cytotoxic cells
GAATGCTGCGGTAT-1	0	T cells
GAATTAACGATAAG-1	0	T cells
GAATTAACGGTCAT-1	0	T cells
GAATTAACGTCGTA-1	3	NK / cytotoxic cells
GAATTAACTGAAGA-1	1	B cells
GACAACACAGGCGA-1	0	T cells
GACAACACATCGTG-1	0	T cells
GACAACACTCGCCT-1	0	T cells
GACAACTGAGGTTC-1	0	T cells
GACAGGGAAGAGTA-1	1	B cells
GACAGGGAATGCCA-1	0	T cells
GACAGTACGAGCTT-1	2	Monocytes / myeloid cells
GACAGTACTTCGGA-1	2	Monocytes / myeloid cells
GACAGTTGAGTAGA-1	1	B cells
GACATTCTCCACCT-1	6	Dendritic cells
GACCAAACGACTAC-1	4	CD14+ monocytes
GACCAAACGTATCG-1	4	CD14+ monocytes
GACCCTACTAAAGG-1	1	B cells
GACCTAGACCTCAC-1	0	T cells
GACCTAGACGAGAG-1	0	T cells
GACCTCACAAGGTA-1	0	T cells
GACCTCACGTACGT-1	2	Monocytes / myeloid cells
GACCTCTGCATCAG-1	0	T cells
GACGAACTCCCACT-1	0	T cells
GACGATTGCCAATG-1	1	B cells
GACGCCGACCTTCG-1	0	T cells
GACGCTCTCTCTCG-1	7	Platelets
GACGGCACACGGGA-1	3	NK / cytotoxic cells
GACGGCACGAGATA-1	4	CD14+ monocytes
GACGTAACCTATGG-1	0	T cells
GACGTAACCTGTGA-1	0	T cells
GACGTAACTATGGC-1	0	T cells
GACGTATGTTGACG-1	0	T cells
GACGTATGTTTGCT-1	0	T cells
GACGTCCTACGGAG-1	0	T cells
GACGTCCTCTCAAG-1	4	CD14+ monocytes
GACGTCCTGATAAG-1	1	B cells
GACTACGATGGTCA-1	1	B cells
GACTCCTGCTCGCT-1	0	T cells
GACTCCTGGGTTAC-1	0	T cells
GACTCCTGTTATCC-1	0	T cells
GACTCCTGTTGGTG-1	4	CD14+ monocytes
GACTGAACCAATCG-1	4	CD14+ monocytes
GACTGATGTGATGC-1	0	T cells
GACTTTACATGCCA-1	0	T cells
GACTTTACGACAGG-1	1	B cells
GAGAAATGTTCTCA-1	1	B cells
GAGATAGAAAAAGC-1	4	CD14+ monocytes
GAGATCACGACAAA-1	2	Monocytes / myeloid cells
GAGATGCTCTGGAT-1	3	NK / cytotoxic cells
GAGATGCTGAATGA-1	0	T cells
GAGCAGGATTCCCG-1	3	NK / cytotoxic cells
GAGCATACTTTGCT-1	2	Monocytes / myeloid cells
GAGCGCACGCGTAT-1	4	CD14+ monocytes
GAGCGCACGGTGAG-1	3	NK / cytotoxic cells
GAGCGCTGAAGATG-1	3	NK / cytotoxic cells
GAGCGCTGTCTTAC-1	4	CD14+ monocytes
GAGCGGCTGGGAGT-1	1	B cells
GAGGACGACTCAGA-1	3	NK / cytotoxic cells
GAGGATCTGAAAGT-1	1	B cells
GAGGCAGACTTGCC-1	3	NK / cytotoxic cells
GAGGGAACACCAGT-1	0	T cells
GAGGGAACGAGGGT-1	0	T cells
GAGGGATGGGAAAT-1	0	T cells
GAGGGCCTTCACCC-1	0	T cells
GAGGGTGAAGAGTA-1	0	T cells
GAGGTACTACGGTT-1	0	T cells
GAGGTACTACTCAG-1	4	CD14+ monocytes
GAGGTACTGACACT-1	3	NK / cytotoxic cells
GAGGTACTGGGAGT-1	0	T cells
GAGGTACTTAGCGT-1	4	CD14+ monocytes
GAGGTGGAGTACGT-1	0	T cells
GAGGTGGATCCTCG-1	3	NK / cytotoxic cells
GAGGTTACTCGTTT-1	4	CD14+ monocytes
GAGGTTTGTAAGCC-1	4	CD14+ monocytes
GAGTCAACCATTCT-1	0	T cells
GAGTCAACGGGAGT-1	0	T cells
GAGTCTGATCGTGA-1	0	T cells
GAGTCTGATTTGGG-1	1	B cells
GAGTGACTCAGCTA-1	0	T cells
GAGTGACTCGGTAT-1	3	NK / cytotoxic cells
GAGTGACTCTTGCC-1	1	B cells
GAGTGACTGACTAC-1	1	B cells
GAGTGACTGTCTAG-1	0	T cells
GAGTGGGAGTCTTT-1	1	B cells
GAGTGGGATGCCCT-1	0	T cells
GAGTGGGATGCTGA-1	1	B cells
GAGTGTTGCTGTAG-1	0	T cells
GAGTGTTGTGGTCA-1	0	T cells
GAGTTGTGCATGGT-1	4	CD14+ monocytes
GAGTTGTGCTGAGT-1	3	NK / cytotoxic cells
GAGTTGTGGCGAGA-1	4	CD14+ monocytes
GAGTTGTGGTAGCT-1	7	Platelets
GAGTTGTGTATGCG-1	2	Monocytes / myeloid cells
GATAAGGAGAAACA-1	4	CD14+ monocytes
GATAAGGATTCACT-1	4	CD14+ monocytes
GATACTCTATCGGT-1	0	T cells
GATACTCTTACTTC-1	0	T cells
GATACTCTTGACTG-1	4	CD14+ monocytes
GATAGAGAAGGGTG-1	3	NK / cytotoxic cells
GATAGAGACTGTGA-1	0	T cells
GATAGAGATCACGA-1	6	Dendritic cells
GATAGCACCCATAG-1	0	T cells
GATAGCACGAAGGC-1	2	Monocytes / myeloid cells
GATAGCACTTGTCT-1	0	T cells
GATATAACAAGGTA-1	0	T cells
GATATAACACGCAT-1	0	T cells
GATATATGCTGGAT-1	0	T cells
GATATATGTCCGTC-1	3	NK / cytotoxic cells
GATATATGTGGAGG-1	4	CD14+ monocytes
GATATCCTAGAAGT-1	0	T cells
GATATCCTCCCGTT-1	4	CD14+ monocytes
GATATTGACAGGAG-1	3	NK / cytotoxic cells
GATATTGACGAGTT-1	2	Monocytes / myeloid cells
GATATTGAGCCAAT-1	0	T cells
GATCCCTGACCTTT-1	3	NK / cytotoxic cells
GATCCCTGTGTAGC-1	3	NK / cytotoxic cells
GATCCGCTGGTCAT-1	4	CD14+ monocytes
GATCGAACCGAGAG-1	0	T cells
GATCGATGACTAGC-1	1	B cells
GATCGATGGTAAAG-1	1	B cells
GATCGATGTAAGGA-1	4	CD14+ monocytes
GATCGTGACACTAG-1	0	T cells
GATCGTGATTCACT-1	0	T cells
GATCTACTGGTGAG-1	0	T cells
GATCTACTTTGCAG-1	1	B cells
GATCTTACACCCAA-1	2	Monocytes / myeloid cells
GATCTTACCCTACC-1	0	T cells
GATCTTACGAATAG-1	4	CD14+ monocytes
GATCTTACGAGATA-1	4	CD14+ monocytes
GATGCAACTCCAGA-1	0	T cells
GATGCCCTACGTAC-1	0	T cells
GATGCCCTCTCATT-1	0	T cells
GATGCCCTGGCAAG-1	4	CD14+ monocytes
GATGCCCTTTTGCT-1	0	T cells
GATTACCTTGTTCT-1	0	T cells
GATTCGGAACGACT-1	0	T cells
GATTCGGACAGGAG-1	4	CD14+ monocytes
GATTCGGAGAAGGC-1	2	Monocytes / myeloid cells
GATTCTTGATTCGG-1	4	CD14+ monocytes
GATTCTTGCCGATA-1	0	T cells
GATTCTTGCGAGTT-1	1	B cells
GATTGGACCCGTTC-1	1	B cells
GATTGGACGGTGTT-1	1	B cells
GATTGGACTTTCGT-1	1	B cells
GATTGGTGTGTCAG-1	0	T cells
GATTTAGACACTCC-1	2	Monocytes / myeloid cells
GATTTAGACTAAGC-1	1	B cells
GATTTAGATTCGTT-1	4	CD14+ monocytes
GATTTGCTAACGAA-1	0	T cells
GATTTGCTAACGGG-1	4	CD14+ monocytes
GCAACCCTCCTCGT-1	4	CD14+ monocytes
GCAACTGATTGCGA-1	0	T cells
GCAAGACTACTGGT-1	0	T cells
GCAAGACTAGGTCT-1	0	T cells
GCAAGACTCCCTTG-1	0	T cells
GCAATCGACTGCAA-1	3	NK / cytotoxic cells
GCAATCGAGACGTT-1	2	Monocytes / myeloid cells
GCAATCGATCCTTA-1	2	Monocytes / myeloid cells
GCAATTCTCGTGTA-1	0	T cells
GCAATTCTTCTCCG-1	0	T cells
GCACAAACAATGCC-1	0	T cells
GCACAAACGGTACT-1	0	T cells
GCACAATGGTGCAT-1	6	Dendritic cells
GCACACCTGTGCTA-1	3	NK / cytotoxic cells
GCACCACTCATGAC-1	4	CD14+ monocytes
GCACCACTGTTTGG-1	4	CD14+ monocytes
GCACCACTTCCTTA-1	3	NK / cytotoxic cells
GCACCACTTTCGGA-1	4	CD14+ monocytes
GCACCTACGCGATT-1	0	T cells
GCACCTTGGCTGTA-1	0	T cells
GCACCTTGGGGAGT-1	2	Monocytes / myeloid cells
GCACGGACCAGCTA-1	0	T cells
GCACGGTGACCTCC-1	0	T cells
GCACGGTGCTATGG-1	4	CD14+ monocytes
GCACTAGAACGGGA-1	0	T cells
GCACTAGAAGATGA-1	1	B cells
GCACTAGACCTTTA-1	2	Monocytes / myeloid cells
GCACTAGACGTAAC-1	1	B cells
GCACTAGAGTCGTA-1	3	NK / cytotoxic cells
GCACTAGATGCAAC-1	0	T cells
GCACTGCTGAGGCA-1	3	NK / cytotoxic cells
GCAGATACAGCGTT-1	3	NK / cytotoxic cells
GCAGATACGACGGA-1	0	T cells
GCAGATACGCAGAG-1	0	T cells
GCAGCCGACAGTCA-1	0	T cells
GCAGCGTGCACTCC-1	0	T cells
GCAGCTCTCAATCG-1	0	T cells
GCAGCTCTGTTTCT-1	0	T cells
GCAGGGCTAAGAAC-1	0	T cells
GCAGGGCTAAGGGC-1	0	T cells
GCAGGGCTATCGAC-1	3	NK / cytotoxic cells
GCAGGGCTTGGGAG-1	3	NK / cytotoxic cells
GCAGTCCTAACTGC-1	0	T cells
GCAGTCCTCTCTTA-1	0	T cells
GCATCAGATGCGTA-1	3	NK / cytotoxic cells
GCATGTGACAAGCT-1	0	T cells
GCATTGGAGAAGGC-1	0	T cells
GCCAAAACGAGGCA-1	3	NK / cytotoxic cells
GCCAAATGATCGAC-1	3	NK / cytotoxic cells
GCCAACCTACGGTT-1	0	T cells
GCCAACCTCGCCTT-1	0	T cells
GCCACGGAGGCGAA-1	4	CD14+ monocytes
GCCACGGATACTGG-1	0	T cells
GCCACTACGTCTTT-1	0	T cells
GCCCAACTACCGAT-1	0	T cells
GCCCAACTATGGTC-1	3	NK / cytotoxic cells
GCCCATACAGCGTT-1	0	T cells
GCCGACGAACTCTT-1	4	CD14+ monocytes
GCCGAGTGCGTTGA-1	3	NK / cytotoxic cells
GCCGGAACGAACTC-1	3	NK / cytotoxic cells
GCCGGAACGTTCTT-1	3	NK / cytotoxic cells
GCCGGAACTGCACA-1	3	NK / cytotoxic cells
GCCGGAACTTACTC-1	0	T cells
GCCGTACTACCTGA-1	0	T cells
GCCGTACTGGCAAG-1	4	CD14+ monocytes
GCCTACACAGTTCG-1	3	NK / cytotoxic cells
GCCTACACCACTGA-1	2	Monocytes / myeloid cells
GCCTACACCTTGAG-1	0	T cells
GCCTAGCTACGGAG-1	1	B cells
GCCTAGCTCTATTC-1	0	T cells
GCCTAGCTTCTCAT-1	0	T cells
GCCTAGCTTCTCTA-1	2	Monocytes / myeloid cells
GCCTCAACCATGGT-1	0	T cells
GCCTCAACTCTTTG-1	0	T cells
GCCTCATGTCTTAC-1	3	NK / cytotoxic cells
GCCTGACTCTCAAG-1	4	CD14+ monocytes
GCGAAGGAACTCTT-1	0	T cells
GCGAAGGATGCCAA-1	0	T cells
GCGAGAGAGGGACA-1	0	T cells
GCGAGCACTGTCGA-1	1	B cells
GCGAGCACTTGACG-1	0	T cells
GCGAGCACTTGCTT-1	4	CD14+ monocytes
GCGATATGGTACGT-1	0	T cells
GCGATATGGTGTTG-1	0	T cells
GCGCACGAAGTCGT-1	0	T cells
GCGCACGACTTTAC-1	4	CD14+ monocytes
GCGCATCTAGGTCT-1	5	T-like / uncertain
GCGCATCTGGTTAC-1	7	Platelets
GCGCATCTTCGATG-1	0	T cells
GCGCATCTTGCTCC-1	3	NK / cytotoxic cells
GCGCATCTTTCTAC-1	0	T cells
GCGCGAACGTTCTT-1	1	B cells
GCGCGATGAACGGG-1	0	T cells
GCGCGATGGTGCAT-1	3	NK / cytotoxic cells
GCGGAGCTCCTGAA-1	0	T cells
GCGGCAACCCGATA-1	0	T cells
GCGGCAACGGAGGT-1	1	B cells
GCGGCAACTGTCGA-1	4	CD14+ monocytes
GCGTAAACACGGTT-1	6	Dendritic cells
GCGTAATGCACCAA-1	2	Monocytes / myeloid cells
GCGTATGAACACCA-1	0	T cells
GCGTATGATGAGAA-1	4	CD14+ monocytes
GCTACAGAAAGGTA-1	0	T cells
GCTACAGAATCTTC-1	1	B cells
GCTACCTGAGAAGT-1	4	CD14+ monocytes
GCTACCTGATCACG-1	0	T cells
GCTACGCTAGAATG-1	0	T cells
GCTACGCTAGCTAC-1	0	T cells
GCTACGCTCCCTAC-1	0	T cells
GCTAGAACAGAGGC-1	1	B cells
GCTAGAACGGATCT-1	0	T cells
GCTAGAACTCCCGT-1	5	T-like / uncertain
GCTAGATGAGCTCA-1	4	CD14+ monocytes
GCTAGATGGCGATT-1	3	NK / cytotoxic cells
GCTATACTAAGGCG-1	0	T cells
GCTATACTAGCGTT-1	3	NK / cytotoxic cells
GCTATACTCTCTTA-1	0	T cells
GCTATACTGGACGA-1	0	T cells
GCTCAAGAACCATG-1	2	Monocytes / myeloid cells
GCTCAAGAAGTCAC-1	2	Monocytes / myeloid cells
GCTCAGCTGTCTAG-1	0	T cells
GCTCCATGAGAAGT-1	3	NK / cytotoxic cells
GCTCCATGCCGAAT-1	0	T cells
GCTCGACTCTAGTG-1	4	CD14+ monocytes
GCTGATGAGGTATC-1	4	CD14+ monocytes
GCTTAACTACAGTC-1	4	CD14+ monocytes
GCTTAACTACTGGT-1	3	NK / cytotoxic cells
GCTTAACTGCTGAT-1	0	T cells
GCTTAACTTAGACC-1	4	CD14+ monocytes
GCTTAACTTCAGTG-1	0	T cells
GGAACACTCACTTT-1	4	CD14+ monocytes
GGAACACTTCAGAC-1	7	Platelets
GGAACTACTACTTC-1	0	T cells
GGAACTTGAAGGTA-1	4	CD14+ monocytes
GGAACTTGAGAATG-1	0	T cells
GGAACTTGCTCCAC-1	4	CD14+ monocytes
GGAACTTGGGTAGG-1	1	B cells
GGAAGGACATCGGT-1	4	CD14+ monocytes
GGAAGGACCACTAG-1	0	T cells
GGAAGGACGAGGGT-1	0	T cells
GGAAGGACGCGAAG-1	0	T cells
GGAAGGTGGCGAGA-1	3	NK / cytotoxic cells
GGAATCTGAAGGGC-1	0	T cells
GGAATCTGAGGAGC-1	0	T cells
GGAATCTGCTTAGG-1	1	B cells
GGAATCTGCTTGTT-1	4	CD14+ monocytes
GGAATCTGGGAGGT-1	0	T cells
GGAATGCTTTCTAC-1	0	T cells
GGACAGGAAAGGGC-1	3	NK / cytotoxic cells
GGACAGGAGTGCTA-1	1	B cells
GGACAGGATCTCGC-1	0	T cells
GGACCCGAAGCTAC-1	4	CD14+ monocytes
GGACCGTGCTTACT-1	4	CD14+ monocytes
GGACCGTGGGAACG-1	6	Dendritic cells
GGACCGTGTAACGC-1	0	T cells
GGACCTCTGTAAGA-1	4	CD14+ monocytes
GGACCTCTTTTCTG-1	3	NK / cytotoxic cells
GGACGAGAGTGTCA-1	4	CD14+ monocytes
GGACGCTGACGCAT-1	3	NK / cytotoxic cells
GGACGCTGCTAGCA-1	0	T cells
GGACGCTGTCCTCG-1	3	NK / cytotoxic cells
GGAGAGACGTGAGG-1	0	T cells
GGAGCAGATTCAGG-1	1	B cells
GGAGCCACCTTCTA-1	1	B cells
GGAGCGCTACGCAT-1	2	Monocytes / myeloid cells
GGAGCGCTCCGAAT-1	0	T cells
GGAGGATGCCACCT-1	5	T-like / uncertain
GGAGGATGGTTGAC-1	4	CD14+ monocytes
GGAGGATGTCAGTG-1	4	CD14+ monocytes
GGAGGCCTCGTTGA-1	3	NK / cytotoxic cells
GGAGGCCTTTCTTG-1	0	T cells
GGAGGTGATACGCA-1	0	T cells
GGAGGTGATCGCTC-1	0	T cells
GGATACTGCAGCTA-1	0	T cells
GGATACTGTCTAGG-1	0	T cells
GGATAGCTCGTCTC-1	0	T cells
GGATAGCTCTGAAC-1	3	NK / cytotoxic cells
GGATGTACCAAAGA-1	1	B cells
GGATGTACGCGAAG-1	0	T cells
GGATGTACGTCTTT-1	4	CD14+ monocytes
GGATGTACGTGTCA-1	3	NK / cytotoxic cells
GGATTTCTAGGTTC-1	0	T cells
GGATTTCTTTGTCT-1	2	Monocytes / myeloid cells
GGCAAGGAAAAAGC-1	3	NK / cytotoxic cells
GGCAAGGAAGAAGT-1	0	T cells
GGCAAGGACTTGGA-1	4	CD14+ monocytes
GGCAAGGAGGACTT-1	0	T cells
GGCAATACGCTAAC-1	1	B cells
GGCAATACGGCATT-1	3	NK / cytotoxic cells
GGCAATACGTTTCT-1	1	B cells
GGCACGTGGCTTAG-1	2	Monocytes / myeloid cells
GGCACTCTTTTGTC-1	0	T cells
GGCATATGCTTATC-1	3	NK / cytotoxic cells
GGCATATGGGGAGT-1	7	Platelets
GGCATATGTGTGAC-1	0	T cells
GGCCACGACAGAGG-1	0	T cells
GGCCAGACTGGTTG-1	0	T cells
GGCCCAGAAAGTAG-1	4	CD14+ monocytes
GGCCGAACAACGAA-1	0	T cells
GGCCGAACGCAGAG-1	0	T cells
GGCCGAACGTAGGG-1	0	T cells
GGCCGAACTCTAGG-1	3	NK / cytotoxic cells
GGCCGATGCAGGAG-1	0	T cells
GGCCGATGCCGAAT-1	0	T cells
GGCCGATGTACTCT-1	3	NK / cytotoxic cells
GGCGACACTGCCCT-1	3	NK / cytotoxic cells
GGCGACTGCGTAAC-1	0	T cells
GGCGCATGCCTAAG-1	2	Monocytes / myeloid cells
GGCGCATGCTCCAC-1	0	T cells
GGCGCATGTGGAAA-1	0	T cells
GGCGGACTAGAGGC-1	0	T cells
GGCGGACTAGGAGC-1	3	NK / cytotoxic cells
GGCGGACTCTGACA-1	0	T cells
GGCGGACTCTTGGA-1	3	NK / cytotoxic cells
GGCGGACTTACTGG-1	0	T cells
GGCGGACTTGAACC-1	0	T cells
GGCTAAACACCTGA-1	3	NK / cytotoxic cells
GGCTAAACTCTTAC-1	0	T cells
GGCTAATGAGCACT-1	3	NK / cytotoxic cells
GGCTAATGGTCTAG-1	0	T cells
GGCTCACTACTCAG-1	4	CD14+ monocytes
GGGAACGAAGCTCA-1	2	Monocytes / myeloid cells
GGGAACGACACAAC-1	1	B cells
GGGAACGAGTGTCA-1	4	CD14+ monocytes
GGGAAGTGTTGAGC-1	4	CD14+ monocytes
GGGACCACACGTTG-1	3	NK / cytotoxic cells
GGGACCACAGAACA-1	0	T cells
GGGACCACGAATAG-1	0	T cells
GGGACCACGTCATG-1	0	T cells
GGGACCACTCAAGC-1	0	T cells
GGGACCACTCGTGA-1	0	T cells
GGGACCACTGCATG-1	0	T cells
GGGACCTGACCCTC-1	4	CD14+ monocytes
GGGACCTGCTTGCC-1	0	T cells
GGGACCTGTGGAGG-1	1	B cells
GGGATGGACGACAT-1	1	B cells
GGGATGGATACTTC-1	0	T cells
GGGATGGATGGTTG-1	4	CD14+ monocytes
GGGATTACGTCTAG-1	0	T cells
GGGCAAGATGCATG-1	4	CD14+ monocytes
GGGCACACGGTGAG-1	2	Monocytes / myeloid cells
GGGCACACGTTGCA-1	0	T cells
GGGCAGCTTGGGAG-1	0	T cells
GGGCAGCTTTTCTG-1	0	T cells
GGGCCAACCTTGGA-1	6	Dendritic cells
GGGCCAACGCGTTA-1	1	B cells
GGGCCAACTACGCA-1	4	CD14+ monocytes
GGGCCAACTCCAAG-1	1	B cells
GGGCCATGATGGTC-1	3	NK / cytotoxic cells
GGGCCATGTTGACG-1	0	T cells
GGGTAACTCAGCTA-1	0	T cells
GGGTAACTCTAGTG-1	1	B cells
GGGTAACTCTGGAT-1	0	T cells
GGGTTAACGTGCAT-1	3	NK / cytotoxic cells
GGTAAAGAGCTAAC-1	3	NK / cytotoxic cells
GGTACAACTGCAAC-1	0	T cells
GGTACATGAAAGCA-1	1	B cells
GGTACATGAGCTCA-1	0	T cells
GGTACATGCGGTAT-1	0	T cells
GGTACATGGTTACG-1	0	T cells
GGTACATGTGGGAG-1	0	T cells
GGTACTGAACTCTT-1	4	CD14+ monocytes
GGTAGTACACCACA-1	3	NK / cytotoxic cells
GGTAGTACACTAGC-1	4	CD14+ monocytes
GGTAGTACCCTGTC-1	0	T cells
GGTAGTACGCCATA-1	4	CD14+ monocytes
GGTAGTACTGTCTT-1	0	T cells
GGTATCGAGACAAA-1	4	CD14+ monocytes
GGTATCGATGAACC-1	1	B cells
GGTCAAACCAAAGA-1	0	T cells
GGTCTAGAGAAACA-1	4	CD14+ monocytes
GGTCTAGATAGCGT-1	2	Monocytes / myeloid cells
GGTGATACCGACTA-1	1	B cells
GGTGATACGACTAC-1	4	CD14+ monocytes
GGTGATACTGTTTC-1	0	T cells
GGTGGAGAAACGGG-1	3	NK / cytotoxic cells
GGTGGAGAAGTAGA-1	0	T cells
GGTGGAGACAGATC-1	3	NK / cytotoxic cells
GGTGGAGATCGATG-1	0	T cells
GGTGGAGATCTCTA-1	4	CD14+ monocytes
GGTGGAGATTACTC-1	3	NK / cytotoxic cells
GGTTTACTACGCAT-1	3	NK / cytotoxic cells
GTAACGTGACCTCC-1	4	CD14+ monocytes
GTAACGTGATCGGT-1	1	B cells
GTAACGTGCAGCTA-1	1	B cells
GTAACGTGGTTGAC-1	1	B cells
GTAAGCACAACGGG-1	0	T cells
GTAAGCACTCATTC-1	1	B cells
GTAAGCTGGTACCA-1	4	CD14+ monocytes
GTAATAACCTTCTA-1	4	CD14+ monocytes
GTAATAACGTTGTG-1	5	T-like / uncertain
GTACCCTGACAGTC-1	2	Monocytes / myeloid cells
GTACCCTGGAGCTT-1	0	T cells
GTACCCTGTCCTTA-1	3	NK / cytotoxic cells
GTACCCTGTGAACC-1	0	T cells
GTACGTGAACGTTG-1	3	NK / cytotoxic cells
GTACTTTGTCGACA-1	3	NK / cytotoxic cells
GTAGACTGAGATGA-1	4	CD14+ monocytes
GTAGACTGTATTCC-1	0	T cells
GTAGCAACAGTCGT-1	4	CD14+ monocytes
GTAGCAACCATTTC-1	1	B cells
GTAGCAACGGTAGG-1	4	CD14+ monocytes
GTAGCATGCACTCC-1	1	B cells
GTAGCATGTAAGCC-1	4	CD14+ monocytes
GTAGCCCTGACGTT-1	0	T cells
GTAGCTGAAGCTAC-1	2	Monocytes / myeloid cells
GTAGCTGAATTCGG-1	0	T cells
GTAGGTACACGGGA-1	4	CD14+ monocytes
GTAGTGACCTCATT-1	0	T cells
GTAGTGTGAGCGGA-1	3	NK / cytotoxic cells
GTAGTGTGAGGCGA-1	4	CD14+ monocytes
GTAGTGTGTGGTTG-1	0	T cells
GTATCACTGGTAGG-1	4	CD14+ monocytes
GTATCTACAGAAGT-1	3	NK / cytotoxic cells
GTATCTACGACGAG-1	3	NK / cytotoxic cells
GTATCTACGTTACG-1	0	T cells
GTATTAGAAACAGA-1	0	T cells
GTATTAGAGGTCTA-1	0	T cells
GTATTCACACAGCT-1	0	T cells
GTATTCACGGGTGA-1	3	NK / cytotoxic cells
GTCAACGACACTGA-1	0	T cells
GTCAACGAGTGTAC-1	4	CD14+ monocytes
GTCAATCTACACCA-1	3	NK / cytotoxic cells
GTCAATCTGTAGCT-1	0	T cells
GTCAATCTTGTGGT-1	0	T cells
GTCACCTGCCTCCA-1	0	T cells
GTCACCTGTCCCGT-1	0	T cells
GTCATACTAATCGC-1	1	B cells
GTCATACTGCGATT-1	3	NK / cytotoxic cells
GTCATACTTCGCCT-1	7	Platelets
GTCATACTTTACCT-1	3	NK / cytotoxic cells
GTCATACTTTGACG-1	0	T cells
GTCCAAGAAAAACG-1	0	T cells
GTCCACTGACCTCC-1	0	T cells
GTCCACTGGGTACT-1	2	Monocytes / myeloid cells
GTCCAGCTACGGGA-1	0	T cells
GTCCCATGTGGTGT-1	2	Monocytes / myeloid cells
GTCGAATGAAGGCG-1	4	CD14+ monocytes
GTCGACCTGAATGA-1	3	NK / cytotoxic cells
GTCGACCTGTTCAG-1	0	T cells
GTCGCACTTGAGAA-1	1	B cells
GTCTAACTGGTCTA-1	2	Monocytes / myeloid cells
GTCTAGGAGCTTCC-1	4	CD14+ monocytes
GTGAACACACTCTT-1	0	T cells
GTGAACACTCAGGT-1	0	T cells
GTGACCCTTAAGCC-1	0	T cells
GTGATGACAAGTGA-1	0	T cells
GTGATGACCTGAGT-1	1	B cells
GTGATGACGGTTTG-1	3	NK / cytotoxic cells
GTGATTCTCATTTC-1	0	T cells
GTGATTCTCTCTCG-1	4	CD14+ monocytes
GTGATTCTGGTTCA-1	3	NK / cytotoxic cells
GTGATTCTGTCGAT-1	0	T cells
GTGATTCTTAGCGT-1	1	B cells
GTGCCACTCAGGAG-1	0	T cells
GTGGATTGCACTAG-1	2	Monocytes / myeloid cells
GTGGATTGCGGAGA-1	0	T cells
GTGGATTGTAACGC-1	0	T cells
GTGTACGATCAGTG-1	0	T cells
GTGTAGTGGGTACT-1	0	T cells
GTGTATCTAGCCTA-1	1	B cells
GTGTATCTAGTAGA-1	3	NK / cytotoxic cells
GTGTATCTGTTACG-1	1	B cells
GTGTCAGAAGCGTT-1	3	NK / cytotoxic cells
GTTAAAACCGAGAG-1	3	NK / cytotoxic cells
GTTAAATGCTCGAA-1	0	T cells
GTTAAATGTCGACA-1	1	B cells
GTTAACCTAGCTAC-1	0	T cells
GTTAACCTTGCTTT-1	6	Dendritic cells
GTTAGGTGCACTCC-1	0	T cells
GTTAGGTGCCAGTA-1	4	CD14+ monocytes
GTTAGGTGCCCAAA-1	2	Monocytes / myeloid cells
GTTAGGTGGAACTC-1	1	B cells
GTTAGTCTAAGAAC-1	3	NK / cytotoxic cells
GTTATAGAGGACAG-1	0	T cells
GTTATGCTTTCATC-1	0	T cells
GTTCAACTGGGACA-1	3	NK / cytotoxic cells
GTTCAACTTATGCG-1	0	T cells
GTTGACGAGCCCTT-1	3	NK / cytotoxic cells
GTTGACGATATCGG-1	3	NK / cytotoxic cells
GTTGAGTGGTCTTT-1	4	CD14+ monocytes
GTTGAGTGTGCTTT-1	0	T cells
GTTGATCTGGGACA-1	5	T-like / uncertain
GTTGATCTTTTCAC-1	3	NK / cytotoxic cells
GTTGGATGTTTACC-1	2	Monocytes / myeloid cells
GTTGTACTATTCCT-1	4	CD14+ monocytes
GTTGTACTTTTGGG-1	0	T cells
GTTTAAGACCATGA-1	4	CD14+ monocytes
GTTTAAGACTGTCC-1	3	NK / cytotoxic cells
TAAACAACCAACCA-1	0	T cells
TAAACAACGAATCC-1	1	B cells
TAAAGACTCAGGAG-1	0	T cells
TAAATCGATGAGGG-1	0	T cells
TAACAATGTGCCCT-1	1	B cells
TAACACCTTCGCTC-1	4	CD14+ monocytes
TAACACCTTCGTAG-1	4	CD14+ monocytes
TAACACCTTGTTTC-1	7	Platelets
TAACATGACACTAG-1	1	B cells
TAACCGGACTTACT-1	0	T cells
TAACGTCTCAACCA-1	4	CD14+ monocytes
TAACGTCTCATTGG-1	0	T cells
TAACTAGAATTTCC-1	0	T cells
TAACTAGACTTAGG-1	0	T cells
TAACTAGATCTGGA-1	0	T cells
TAACTCACGAGGAC-1	4	CD14+ monocytes
TAACTCACGTACAC-1	1	B cells
TAACTCACGTATCG-1	4	CD14+ monocytes
TAACTCACTCTACT-1	3	NK / cytotoxic cells
TAAGAACTGTGTCA-1	4	CD14+ monocytes
TAAGAGGACTAAGC-1	1	B cells
TAAGAGGACTTGTT-1	3	NK / cytotoxic cells
TAAGATACGGTTCA-1	4	CD14+ monocytes
TAAGATTGCGTAGT-1	0	T cells
TAAGATTGTTGCTT-1	0	T cells
TAAGCGTGAGGTTC-1	4	CD14+ monocytes
TAAGCGTGGACAAA-1	2	Monocytes / myeloid cells
TAAGCGTGGGAAAT-1	0	T cells
TAAGCGTGTGCTCC-1	2	Monocytes / myeloid cells
TAAGGCTGCCATGA-1	0	T cells
TAAGGCTGCTGCTC-1	0	T cells
TAAGGCTGTCTCGC-1	4	CD14+ monocytes
TAAGGGCTGCTGTA-1	0	T cells
TAAGGGCTTTACTC-1	0	T cells
TAAGTAACCGAGAG-1	1	B cells
TAAGTAACCTCCAC-1	1	B cells
TAAGTAACCTGTAG-1	0	T cells
TAAGTAACTTGTCT-1	0	T cells
TAATGATGAGCGGA-1	0	T cells
TAATGCCTCATGAC-1	0	T cells
TAATGCCTCGTCTC-1	3	NK / cytotoxic cells
TAATGTGAAGATGA-1	0	T cells
TAATGTGACTGCAA-1	4	CD14+ monocytes
TAATGTGATTACTC-1	0	T cells
TACAAATGGGTACT-1	0	T cells
TACAATGAAAACAG-1	4	CD14+ monocytes
TACAATGACTTAGG-1	0	T cells
TACAATGATGCTAG-1	3	NK / cytotoxic cells
TACACACTCACACA-1	0	T cells
TACACACTCTTACT-1	0	T cells
TACATAGAACGCAT-1	3	NK / cytotoxic cells
TACATCACACGGGA-1	0	T cells
TACATCACCTGTTT-1	2	Monocytes / myeloid cells
TACATCACGCTAAC-1	1	B cells
TACATCACTGAACC-1	2	Monocytes / myeloid cells
TACCATTGAGGTTC-1	0	T cells
TACCATTGCGGGAA-1	4	CD14+ monocytes
TACCATTGGGGATG-1	4	CD14+ monocytes
TACCATTGTGAGGG-1	4	CD14+ monocytes
TACCGGCTGTTGGT-1	0	T cells
TACGAGTGATCTCT-1	0	T cells
TACGAGTGATGCTG-1	2	Monocytes / myeloid cells
TACGAGTGCGGAGA-1	0	T cells
TACGAGTGGTTGGT-1	0	T cells
TACGATCTAGTGTC-1	0	T cells
TACGATCTCACTGA-1	2	Monocytes / myeloid cells
TACGATCTTACGAC-1	0	T cells
TACGCAGAGAATCC-1	3	NK / cytotoxic cells
TACGCCACATTCCT-1	0	T cells
TACGCCACTCCCAC-1	2	Monocytes / myeloid cells
TACGCCACTCCGAA-1	1	B cells
TACGGAACGCGTTA-1	1	B cells
TACGGCCTGGGACA-1	3	NK / cytotoxic cells
TACGTACTACGGAG-1	0	T cells
TACGTACTCAGTTG-1	0	T cells
TACGTACTCCCGTT-1	1	B cells
TACGTTACAGAAGT-1	0	T cells
TACGTTACCAAGCT-1	4	CD14+ monocytes
TACTAAGAAAGGTA-1	1	B cells
TACTAAGAATCACG-1	0	T cells
TACTAAGATGATGC-1	4	CD14+ monocytes
TACTAAGATTGCGA-1	0	T cells
TACTACACGAGAGC-1	0	T cells
TACTACACTTACCT-1	5	T-like / uncertain
TACTACTGAACCTG-1	4	CD14+ monocytes
TACTACTGATGTCG-1	3	NK / cytotoxic cells
TACTACTGATTCTC-1	0	T cells
TACTACTGTATGGC-1	0	T cells
TACTCAACGGTCTA-1	4	CD14+ monocytes
TACTCAACTGCTAG-1	1	B cells
TACTCCCTCAGTTG-1	0	T cells
TACTCTGAATCGAC-1	3	NK / cytotoxic cells
TACTCTGACGAGTT-1	0	T cells
TACTCTGATTGACG-1	1	B cells
TACTGGGATCGATG-1	0	T cells
TACTGTTGAAAGCA-1	0	T cells
TACTGTTGAGGCGA-1	3	NK / cytotoxic cells
TACTGTTGCTGAAC-1	1	B cells
TACTTGACTCCTCG-1	3	NK / cytotoxic cells
TACTTGACTGGTGT-1	1	B cells
TACTTTCTTTTGGG-1	3	NK / cytotoxic cells
TAGAAACTAATCGC-1	0	T cells
TAGAAACTGCTTCC-1	4	CD14+ monocytes
TAGAAACTGGGATG-1	3	NK / cytotoxic cells
TAGAATTGCGACAT-1	0	T cells
TAGAATTGTATCGG-1	0	T cells
TAGACGTGCTTGAG-1	0	T cells
TAGACGTGTCGCTC-1	0	T cells
TAGAGCACCTTACT-1	1	B cells
TAGATTGACTTGTT-1	1	B cells
TAGATTGAGGCATT-1	3	NK / cytotoxic cells
TAGCATCTCAGCTA-1	3	NK / cytotoxic cells
TAGCATCTCCCTCA-1	0	T cells
TAGCATCTGCTGTA-1	2	Monocytes / myeloid cells
TAGCATCTGGGACA-1	0	T cells
TAGCATCTTGTCGA-1	0	T cells
TAGCCCACAAAAGC-1	0	T cells
TAGCCCACAGCCAT-1	3	NK / cytotoxic cells
TAGCCCACAGCTAC-1	3	NK / cytotoxic cells
TAGCCCACCCACAA-1	0	T cells
TAGCCCTGCGGAGA-1	3	NK / cytotoxic cells
TAGCCGCTTACGAC-1	0	T cells
TAGCCGCTTACTTC-1	3	NK / cytotoxic cells
TAGCCGCTTTCCAT-1	4	CD14+ monocytes
TAGCTACTGAATAG-1	1	B cells
TAGCTACTGTAGCT-1	0	T cells
TAGCTACTTTTGCT-1	3	NK / cytotoxic cells
TAGGACTGTGCTGA-1	3	NK / cytotoxic cells
TAGGAGCTAAGGCG-1	1	B cells
TAGGAGCTGAGGGT-1	0	T cells
TAGGAGCTTGCATG-1	1	B cells
TAGGCAACCGTCTC-1	1	B cells
TAGGCATGCTCTCG-1	6	Dendritic cells
TAGGCATGGCGAGA-1	3	NK / cytotoxic cells
TAGGCTGATGCCTC-1	4	CD14+ monocytes
TAGGGACTGAACTC-1	3	NK / cytotoxic cells
TAGGTCGACACTGA-1	0	T cells
TAGGTCGAGGATCT-1	1	B cells
TAGGTGACACACTG-1	0	T cells
TAGGTGACACGTTG-1	1	B cells
TAGGTGTGTTCTGT-1	0	T cells
TAGGTTCTGAAGGC-1	0	T cells
TAGGTTCTTCTTAC-1	2	Monocytes / myeloid cells
TAGGTTCTTGCTGA-1	4	CD14+ monocytes
TAGTAAACCTCGCT-1	0	T cells
TAGTAAACGTCACA-1	0	T cells
TAGTAATGAGATCC-1	0	T cells
TAGTACCTAAGAAC-1	4	CD14+ monocytes
TAGTATGATCTTAC-1	1	B cells
TAGTATGATTCTCA-1	0	T cells
TAGTCTTGGCTGTA-1	5	T-like / uncertain
TAGTCTTGGGACTT-1	0	T cells
TAGTCTTGTGGAAA-1	3	NK / cytotoxic cells
TAGTGGTGAAGTGA-1	3	NK / cytotoxic cells
TAGTTAGAACCACA-1	3	NK / cytotoxic cells
TAGTTAGATGAACC-1	0	T cells
TATAAGACAACAGA-1	3	NK / cytotoxic cells
TATAAGACAGCTCA-1	2	Monocytes / myeloid cells
TATAAGTGACACCA-1	2	Monocytes / myeloid cells
TATAAGTGTATCGG-1	4	CD14+ monocytes
TATAAGTGTGGTGT-1	2	Monocytes / myeloid cells
TATACAGAACCCTC-1	3	NK / cytotoxic cells
TATACAGAAGAACA-1	0	T cells
TATACAGATCCAGA-1	0	T cells
TATACCACCTGATG-1	1	B cells
TATACGCTACCAAC-1	0	T cells
TATAGATGGACGGA-1	0	T cells
TATAGATGTTCCGC-1	2	Monocytes / myeloid cells
TATCCAACCAGCTA-1	4	CD14+ monocytes
TATCCAACTCTCTA-1	3	NK / cytotoxic cells
TATCGACTACTAGC-1	3	NK / cytotoxic cells
TATCGACTCGATAC-1	2	Monocytes / myeloid cells
TATCGTACAGATGA-1	3	NK / cytotoxic cells
TATCGTACATTCCT-1	4	CD14+ monocytes
TATCTCGAGAGATA-1	5	T-like / uncertain
TATCTGACAGGTTC-1	3	NK / cytotoxic cells
TATCTGACTGTTTC-1	3	NK / cytotoxic cells
TATCTTCTAAACAG-1	0	T cells
TATGAATGGAGGAC-1	3	NK / cytotoxic cells
TATGAATGTTTGCT-1	2	Monocytes / myeloid cells
TATGCGGATAACCG-1	0	T cells
TATGGGTGCATCAG-1	3	NK / cytotoxic cells
TATGGGTGCTAGCA-1	1	B cells
TATGGTCTCTACCC-1	0	T cells
TATGTCACGGAACG-1	1	B cells
TATGTCACTAACCG-1	2	Monocytes / myeloid cells
TATGTCACTTCTCA-1	1	B cells
TATGTGCTCCGATA-1	4	CD14+ monocytes
TATGTGCTGGATTC-1	0	T cells
TATTGCTGAAGAAC-1	4	CD14+ monocytes
TATTGCTGCCGTTC-1	1	B cells
TATTGCTGTCTGGA-1	0	T cells
TATTGCTGTGCACA-1	3	NK / cytotoxic cells
TATTTCCTATTGGC-1	4	CD14+ monocytes
TATTTCCTGGAGGT-1	3	NK / cytotoxic cells
TATTTCCTGGTGTT-1	0	T cells
TCAACACTGTTTGG-1	3	NK / cytotoxic cells
TCAAGGACAGCGTT-1	0	T cells
TCAAGGACATTCTC-1	3	NK / cytotoxic cells
TCAAGGACGGTGTT-1	4	CD14+ monocytes
TCAATCACACTCTT-1	3	NK / cytotoxic cells
TCAATCACAGTCGT-1	2	Monocytes / myeloid cells
TCACAACTATGTGC-1	0	T cells
TCACAACTTTGCTT-1	4	CD14+ monocytes
TCACATACACTTTC-1	0	T cells
TCACATACAGGGTG-1	5	T-like / uncertain
TCACCCGAGACGGA-1	2	Monocytes / myeloid cells
TCACCGTGCTCGCT-1	2	Monocytes / myeloid cells
TCACCTCTACGACT-1	3	NK / cytotoxic cells
TCACCTCTTCCAAG-1	2	Monocytes / myeloid cells
TCACGAGAGGAGGT-1	1	B cells
TCACTATGGGGCAA-1	3	NK / cytotoxic cells
TCACTATGGTTGTG-1	1	B cells
TCAGACGACGCTAA-1	0	T cells
TCAGACGACGTTAG-1	3	NK / cytotoxic cells
TCAGAGACTCCAGA-1	0	T cells
TCAGCAGACTCCAC-1	0	T cells
TCAGCGCTCTAGTG-1	3	NK / cytotoxic cells
TCAGCGCTGGATCT-1	1	B cells
TCAGCGCTGGTATC-1	3	NK / cytotoxic cells
TCAGGATGAAGTAG-1	0	T cells
TCAGGATGCCTTTA-1	2	Monocytes / myeloid cells
TCAGTGGAAGATCC-1	3	NK / cytotoxic cells
TCAGTTACCTACGA-1	4	CD14+ monocytes
TCAGTTACTAGAAG-1	0	T cells
TCATCAACCCGATA-1	0	T cells
TCATCAACTGTTCT-1	2	Monocytes / myeloid cells
TCATCATGCAGTTG-1	0	T cells
TCATCCCTTACTGG-1	0	T cells
TCATTCGATACAGC-1	2	Monocytes / myeloid cells
TCCACGTGGAAACA-1	0	T cells
TCCACTCTACACTG-1	0	T cells
TCCACTCTGAGCTT-1	4	CD14+ monocytes
TCCACTCTTACTTC-1	1	B cells
TCCATAACAAAGTG-1	0	T cells
TCCATAACCGTAGT-1	1	B cells
TCCATAACGATGAA-1	0	T cells
TCCATAACTACGCA-1	0	T cells
TCCATCCTCCCTAC-1	3	NK / cytotoxic cells
TCCCACGATCATTC-1	0	T cells
TCCCATCTCAAAGA-1	4	CD14+ monocytes
TCCCGAACACAGTC-1	3	NK / cytotoxic cells
TCCCGAACTTCGCC-1	2	Monocytes / myeloid cells
TCCCGATGAGATCC-1	0	T cells
TCCCGATGCCTGAA-1	4	CD14+ monocytes
TCCCTACTCAACTG-1	1	B cells
TCCGAAGACAATCG-1	4	CD14+ monocytes
TCCGAAGACGTTAG-1	0	T cells
TCCGGACTGAGGTG-1	0	T cells
TCCGGACTGTACGT-1	3	NK / cytotoxic cells
TCCTAAACATCGAC-1	0	T cells
TCCTAAACCGAGAG-1	0	T cells
TCCTAAACCGCATA-1	3	NK / cytotoxic cells
TCCTAATGGTTTGG-1	3	NK / cytotoxic cells
TCCTACCTGTCGTA-1	0	T cells
TCCTATGAAAAGCA-1	3	NK / cytotoxic cells
TCGAATCTCTGGTA-1	3	NK / cytotoxic cells
TCGACCTGCCGATA-1	2	Monocytes / myeloid cells
TCGACGCTTCTATC-1	4	CD14+ monocytes
TCGACGCTTTGACG-1	0	T cells
TCGAGAACGACAGG-1	0	T cells
TCGAGAACGTTAGC-1	0	T cells
TCGAGCCTATCAGC-1	1	B cells
TCGAGCCTGCGAGA-1	3	NK / cytotoxic cells
TCGAGCCTTGTGAC-1	0	T cells
TCGATACTATTCCT-1	0	T cells
TCGATACTTGCACA-1	0	T cells
TCGATTTGATGCCA-1	4	CD14+ monocytes
TCGATTTGCACTCC-1	0	T cells
TCGATTTGCAGCTA-1	3	NK / cytotoxic cells
TCGATTTGCCTACC-1	4	CD14+ monocytes
TCGATTTGTCGTGA-1	1	B cells
TCGCAGCTAGATCC-1	3	NK / cytotoxic cells
TCGCCATGAGACTC-1	0	T cells
TCGCCATGTGGTCA-1	1	B cells
TCGGACCTAACAGA-1	0	T cells
TCGGACCTATAAGG-1	1	B cells
TCGGACCTGTACAC-1	0	T cells
TCGGTAGAGTAGGG-1	0	T cells
TCGGTAGATCCCAC-1	1	B cells
TCGTAGGATCGACA-1	0	T cells
TCGTTATGGACAAA-1	0	T cells
TCTAACACCAGTTG-1	3	NK / cytotoxic cells
TCTAACACGAGCAG-1	6	Dendritic cells
TCTAACTGAACCAC-1	3	NK / cytotoxic cells
TCTAAGCTAATGCC-1	0	T cells
TCTAAGCTTAGTCG-1	3	NK / cytotoxic cells
TCTAAGCTTCTAGG-1	2	Monocytes / myeloid cells
TCTAAGCTTGTTCT-1	4	CD14+ monocytes
TCTAAGCTTTCGCC-1	1	B cells
TCTACAACGACTAC-1	4	CD14+ monocytes
TCTAGACTTAGAAG-1	4	CD14+ monocytes
TCTAGTTGCACCAA-1	2	Monocytes / myeloid cells
TCTATGTGAAGAGT-1	4	CD14+ monocytes
TCTATGTGAGTCTG-1	3	NK / cytotoxic cells
TCTCAAACCTAAGC-1	1	B cells
TCTCTAGAATTTCC-1	0	T cells
TCTGATACACGTGT-1	0	T cells
TCTGATACTCGCCT-1	0	T cells
TCTTACGAACCTGA-1	4	CD14+ monocytes
TCTTCAGAGCTACA-1	2	Monocytes / myeloid cells
TCTTGATGCGGAGA-1	3	NK / cytotoxic cells
TGAAATTGGTGAGG-1	4	CD14+ monocytes
TGAACCGAAAACGA-1	0	T cells
TGAACCGACTACTT-1	2	Monocytes / myeloid cells
TGAACCGATTCGGA-1	2	Monocytes / myeloid cells
TGAAGCACTCACGA-1	3	NK / cytotoxic cells
TGAAGCTGAACGAA-1	0	T cells
TGAAGCTGCATGGT-1	1	B cells
TGAAGCTGCGTAAC-1	0	T cells
TGAATAACCACTTT-1	0	T cells
TGAATAACTCCCAC-1	3	NK / cytotoxic cells
TGACACGACCTTAT-1	1	B cells
TGACCAGACAACCA-1	0	T cells
TGACCAGAGGATTC-1	0	T cells
TGACCGCTAAAAGC-1	0	T cells
TGACCGCTCTGCAA-1	0	T cells
TGACGATGCAAAGA-1	4	CD14+ monocytes
TGACGCCTGTACCA-1	0	T cells
TGACGCCTTTACTC-1	0	T cells
TGACTGGAAGAGAT-1	4	CD14+ monocytes
TGACTGGACCGTAA-1	0	T cells
TGACTGGACGCAAT-1	0	T cells
TGACTGGAGGACAG-1	1	B cells
TGACTGGATTCTCA-1	0	T cells
TGACTTACACACCA-1	0	T cells
TGACTTACAGTCTG-1	4	CD14+ monocytes
TGACTTTGCGCATA-1	0	T cells
TGACTTTGTTTGTC-1	0	T cells
TGAGACACAAGGTA-1	0	T cells
TGAGACACTCAAGC-1	3	NK / cytotoxic cells
TGAGCTGAATGCTG-1	2	Monocytes / myeloid cells
TGAGCTGACTGGAT-1	4	CD14+ monocytes
TGAGCTGATGCTAG-1	4	CD14+ monocytes
TGAGGACTCTCATT-1	4	CD14+ monocytes
TGAGGACTTCATTC-1	0	T cells
TGAGGTACGAACCT-1	2	Monocytes / myeloid cells
TGAGTCGAGTTACG-1	1	B cells
TGAGTGACTGAGCT-1	0	T cells
TGATAAACGAATCC-1	0	T cells
TGATAAACTCCGTC-1	3	NK / cytotoxic cells
TGATAAACTTTCAC-1	0	T cells
TGATACCTCACTAG-1	4	CD14+ monocytes
TGATACCTGTTGGT-1	0	T cells
TGATACCTTATGCG-1	0	T cells
TGATACCTTGAAGA-1	0	T cells
TGATATGAACCTTT-1	0	T cells
TGATCACTAGCATC-1	3	NK / cytotoxic cells
TGATCACTCTCGCT-1	0	T cells
TGATCACTTCTACT-1	1	B cells
TGATCGGACTGACA-1	2	Monocytes / myeloid cells
TGATCGGAGGAGCA-1	1	B cells
TGATCGGATATGCG-1	2	Monocytes / myeloid cells
TGATTAGACATTGG-1	0	T cells
TGATTAGATGACTG-1	1	B cells
TGATTAGATGCTAG-1	0	T cells
TGATTCACTATGCG-1	5	T-like / uncertain
TGATTCACTGTCAG-1	1	B cells
TGATTCTGCCGAAT-1	0	T cells
TGATTCTGCTCTTA-1	0	T cells
TGCAAGTGAGAACA-1	0	T cells
TGCAAGTGGGTAGG-1	4	CD14+ monocytes
TGCAATCTTCAGGT-1	6	Dendritic cells
TGCACAGACGACAT-1	3	NK / cytotoxic cells
TGCCAAGAGCAGTT-1	2	Monocytes / myeloid cells
TGCCAAGATCTCTA-1	0	T cells
TGCCACTGAACGTC-1	0	T cells
TGCCACTGCGATAC-1	3	NK / cytotoxic cells
TGCCAGCTTGGCAT-1	0	T cells
TGCCCAACAGCAAA-1	0	T cells
TGCCCAACCGCATA-1	2	Monocytes / myeloid cells
TGCCGACTCTCCCA-1	1	B cells
TGCGAAACAGTCAC-1	1	B cells
TGCGAAACGTTGCA-1	1	B cells
TGCGATGAACGGTT-1	0	T cells
TGCGATGACCTCGT-1	0	T cells
TGCGATGACTAGTG-1	1	B cells
TGCGATGACTGCTC-1	1	B cells
TGCGATGACTTGCC-1	1	B cells
TGCGATGAGTGCTA-1	4	CD14+ monocytes
TGCGCACTCTTGAG-1	4	CD14+ monocytes
TGCGTAGAATAAGG-1	4	CD14+ monocytes
TGCGTAGACGGGAA-1	1	B cells
TGCGTAGATGGTCA-1	2	Monocytes / myeloid cells
TGCTAGGAAACCGT-1	3	NK / cytotoxic cells
TGCTAGGATAGTCG-1	0	T cells
TGCTATACGGTTCA-1	4	CD14+ monocytes
TGCTATACTGCTGA-1	3	NK / cytotoxic cells
TGCTGAGAGAGCAG-1	3	NK / cytotoxic cells
TGCTGAGATTATCC-1	0	T cells
TGGAAAGACTCTCG-1	1	B cells
TGGAAAGAGCGATT-1	0	T cells
TGGAAAGAGGTCAT-1	2	Monocytes / myeloid cells
TGGAAAGATATGGC-1	0	T cells
TGGAACACAAACAG-1	3	NK / cytotoxic cells
TGGAACACGCTAAC-1	3	NK / cytotoxic cells
TGGAAGCTCAGATC-1	0	T cells
TGGACCCTACACTG-1	4	CD14+ monocytes
TGGACCCTCATGGT-1	3	NK / cytotoxic cells
TGGACCCTGGTACT-1	2	Monocytes / myeloid cells
TGGACTGAGTATGC-1	0	T cells
TGGAGACTATCAGC-1	4	CD14+ monocytes
TGGAGACTTCAAGC-1	0	T cells
TGGAGACTTGACCA-1	3	NK / cytotoxic cells
TGGAGGGACGGAGA-1	4	CD14+ monocytes
TGGAGGGAGCTATG-1	0	T cells
TGGATCGATAAAGG-1	0	T cells
TGGATGTGACCTAG-1	1	B cells
TGGATGTGTGAAGA-1	1	B cells
TGGATTCTCATACG-1	3	NK / cytotoxic cells
TGGCAATGCTTGTT-1	1	B cells
TGGCACCTTCACGA-1	5	T-like / uncertain
TGGCACCTTCAGTG-1	4	CD14+ monocytes
TGGGTATGAAGAGT-1	0	T cells
TGGGTATGCACAAC-1	0	T cells
TGGGTATGGTACGT-1	1	B cells
TGGGTATGTTTGGG-1	4	CD14+ monocytes
TGGTAGACATGCCA-1	0	T cells
TGGTAGACCCTCAC-1	3	NK / cytotoxic cells
TGGTAGACCTGATG-1	0	T cells
TGGTAGTGCACTGA-1	2	Monocytes / myeloid cells
TGGTATCTAAACAG-1	0	T cells
TGGTATCTCTTCCG-1	0	T cells
TGGTCAGACCCAAA-1	0	T cells
TGGTTACTGACGTT-1	4	CD14+ monocytes
TGGTTACTGTTCTT-1	0	T cells
TGTAACCTAGAGGC-1	0	T cells
TGTAACCTTGCCTC-1	4	CD14+ monocytes
TGTAATGACACAAC-1	3	NK / cytotoxic cells
TGTAATGAGGTAAA-1	3	NK / cytotoxic cells
TGTACTTGCTCTAT-1	2	Monocytes / myeloid cells
TGTAGGTGCGAGAG-1	1	B cells
TGTAGGTGCTATGG-1	0	T cells
TGTAGGTGCTCTAT-1	6	Dendritic cells
TGTAGGTGTGCTGA-1	0	T cells
TGTAGTCTTCCAGA-1	0	T cells
TGTAGTCTTGCACA-1	3	NK / cytotoxic cells
TGTATCTGTTAGGC-1	0	T cells
TGTATGCTCATGGT-1	1	B cells
TGTATGCTGTAGGG-1	0	T cells
TGTATGCTTTCATC-1	0	T cells
TGTCAGGAATACCG-1	0	T cells
TGTCAGGAGATGAA-1	2	Monocytes / myeloid cells
TGTCTAACCCCTTG-1	0	T cells
TGTGACGATTCTCA-1	3	NK / cytotoxic cells
TGTGAGACTGTCAG-1	2	Monocytes / myeloid cells
TGTGAGACTTGAGC-1	0	T cells
TGTGAGTGACCACA-1	0	T cells
TGTGAGTGAGTGCT-1	2	Monocytes / myeloid cells
TGTGAGTGGAGATA-1	3	NK / cytotoxic cells
TGTGATCTCTCTAT-1	1	B cells
TGTGATCTGACACT-1	5	T-like / uncertain
TGTGGATGGCCAAT-1	1	B cells
TGTTAAGACAAAGA-1	4	CD14+ monocytes
TGTTAAGATAAGGA-1	4	CD14+ monocytes
TGTTACACCGCATA-1	2	Monocytes / myeloid cells
TGTTACACGACTAC-1	2	Monocytes / myeloid cells
TGTTACTGGCTACA-1	3	NK / cytotoxic cells
TGTTACTGTAGTCG-1	3	NK / cytotoxic cells
TTAACCACCGTAAC-1	0	T cells
TTAACCACTAAGGA-1	3	NK / cytotoxic cells
TTAACCACTCAGAC-1	3	NK / cytotoxic cells
TTACACACGTGTTG-1	0	T cells
TTACACACTCCTAT-1	0	T cells
TTACCATGAATCGC-1	4	CD14+ monocytes
TTACCATGGTTGAC-1	0	T cells
TTACCATGTGTCTT-1	0	T cells
TTACCATGTTGTGG-1	1	B cells
TTACGACTGAGAGC-1	0	T cells
TTACGACTTGACAC-1	4	CD14+ monocytes
TTACGTACGTTCAG-1	7	Platelets
TTACTCGAAGAATG-1	4	CD14+ monocytes
TTACTCGACGCAAT-1	6	Dendritic cells
TTACTCGAGGGTGA-1	0	T cells
TTACTCGATCTACT-1	3	NK / cytotoxic cells
TTAGAATGTGGTGT-1	0	T cells
TTAGAATGTGTAGC-1	5	T-like / uncertain
TTAGACCTCCTACC-1	0	T cells
TTAGACCTCCTTTA-1	4	CD14+ monocytes
TTAGCTACAACCGT-1	0	T cells
TTAGCTACTGTCCC-1	2	Monocytes / myeloid cells
TTAGCTACTTTCGT-1	0	T cells
TTAGGGACGCGAAG-1	3	NK / cytotoxic cells
TTAGGGTGCTGGAT-1	1	B cells
TTAGGGTGTCCTGC-1	2	Monocytes / myeloid cells
TTAGGTCTACTTTC-1	4	CD14+ monocytes
TTAGTCACCAGTTG-1	0	T cells
TTAGTCTGAAAGCA-1	1	B cells
TTAGTCTGCCAACA-1	3	NK / cytotoxic cells
TTAGTCTGTGCACA-1	0	T cells
TTATCCGACTAGTG-1	1	B cells
TTATCCGAGAAAGT-1	2	Monocytes / myeloid cells
TTATGAGAGATAAG-1	5	T-like / uncertain
TTATGCACGTCACA-1	1	B cells
TTATGGCTTATGGC-1	6	Dendritic cells
TTATTCCTATGCTG-1	4	CD14+ monocytes
TTATTCCTGGACAG-1	1	B cells
TTATTCCTGGTACT-1	1	B cells
TTATTCCTTCGTGA-1	0	T cells
TTCAAAGATAAAGG-1	3	NK / cytotoxic cells
TTCAACACAACAGA-1	0	T cells
TTCAACACCCCAAA-1	4	CD14+ monocytes
TTCAACACGGACGA-1	2	Monocytes / myeloid cells
TTCAAGCTAAGAAC-1	4	CD14+ monocytes
TTCAAGCTAGATGA-1	0	T cells
TTCAAGCTGTTGAC-1	0	T cells
TTCAAGCTTGATGC-1	0	T cells
TTCAAGCTTTCGCC-1	0	T cells
TTCACAACCCGTTC-1	4	CD14+ monocytes
TTCACAACGTCTGA-1	2	Monocytes / myeloid cells
TTCAGACTACCCAA-1	5	T-like / uncertain
TTCAGACTCTCGAA-1	0	T cells
TTCAGTACCGACTA-1	0	T cells
TTCAGTACTCAAGC-1	0	T cells
TTCAGTACTCCTAT-1	4	CD14+ monocytes
TTCAGTTGCCAAGT-1	0	T cells
TTCAGTTGTCCTTA-1	6	Dendritic cells
TTCAGTTGTCTAGG-1	0	T cells
TTCAGTTGTCTCGC-1	1	B cells
TTCATCGAGGTGGA-1	4	CD14+ monocytes
TTCATGTGTGGTGT-1	0	T cells
TTCATTCTATGTCG-1	4	CD14+ monocytes
TTCATTCTTCTCTA-1	0	T cells
TTCCAAACCTATGG-1	4	CD14+ monocytes
TTCCAAACCTCCCA-1	1	B cells
TTCCAAACTCCCAC-1	3	NK / cytotoxic cells
TTCCAAACTTGACG-1	3	NK / cytotoxic cells
TTCCATGACGAGAG-1	4	CD14+ monocytes
TTCCATGACTGTCC-1	5	T-like / uncertain
TTCCCACTTGAGGG-1	3	NK / cytotoxic cells
TTCCCACTTGTCTT-1	4	CD14+ monocytes
TTCCTAGAAAGTGA-1	0	T cells
TTCCTAGACTAGTG-1	2	Monocytes / myeloid cells
TTCGAGGACTCTAT-1	0	T cells
TTCGAGGAGGGCAA-1	0	T cells
TTCGAGGATAGAAG-1	2	Monocytes / myeloid cells
TTCGATTGAGCATC-1	0	T cells
TTCGGAGAATGCCA-1	4	CD14+ monocytes
TTCGGAGATGTGCA-1	0	T cells
TTCGTATGAAAAGC-1	3	NK / cytotoxic cells
TTCGTATGGATAGA-1	3	NK / cytotoxic cells
TTCGTATGGTCTGA-1	0	T cells
TTCGTATGTCCTTA-1	2	Monocytes / myeloid cells
TTCTACGAACGTAC-1	0	T cells
TTCTACGAGTTGGT-1	0	T cells
TTCTAGTGACACGT-1	0	T cells
TTCTAGTGCATGAC-1	4	CD14+ monocytes
TTCTAGTGGAGAGC-1	3	NK / cytotoxic cells
TTCTAGTGGTCACA-1	2	Monocytes / myeloid cells
TTCTCAGAAGAGAT-1	0	T cells
TTCTCAGAAGCATC-1	1	B cells
TTCTCAGATGGAGG-1	0	T cells
TTCTGATGGAGACG-1	3	NK / cytotoxic cells
TTCTTACTCTGGAT-1	2	Monocytes / myeloid cells
TTGAACCTCCTTGC-1	1	B cells
TTGAATGAACTACG-1	2	Monocytes / myeloid cells
TTGAATGACTTACT-1	0	T cells
TTGAATGATCTCAT-1	1	B cells
TTGACACTCTGTAG-1	0	T cells
TTGACACTGATAAG-1	1	B cells
TTGAGGACAGAACA-1	4	CD14+ monocytes
TTGAGGACTACGCA-1	6	Dendritic cells
TTGAGGTGGACGGA-1	0	T cells
TTGCATTGAGCTAC-1	3	NK / cytotoxic cells
TTGCATTGCTAAGC-1	4	CD14+ monocytes
TTGCATTGTGACTG-1	0	T cells
TTGCTAACACCAAC-1	3	NK / cytotoxic cells
TTGCTAACACGCTA-1	2	Monocytes / myeloid cells
TTGCTAACCACTCC-1	0	T cells
TTGCTATGGTACGT-1	4	CD14+ monocytes
TTGCTATGGTAGGG-1	2	Monocytes / myeloid cells
TTGGAGACCAATCG-1	0	T cells
TTGGAGACGCTATG-1	4	CD14+ monocytes
TTGGAGACTATGGC-1	1	B cells
TTGGGAACTGAACC-1	0	T cells
TTGGTACTACTGGT-1	2	Monocytes / myeloid cells
TTGGTACTCTTAGG-1	0	T cells
TTGGTACTGAATCC-1	1	B cells
TTGGTACTGGATTC-1	1	B cells
TTGTACACGTTGTG-1	1	B cells
TTGTACACTTGCAG-1	0	T cells
TTGTAGCTAGCTCA-1	0	T cells
TTGTAGCTCTCTTA-1	1	B cells
TTGTCATGGACGGA-1	3	NK / cytotoxic cells
TTTAGAGATCCTCG-1	1	B cells
TTTAGCTGATACCG-1	0	T cells
TTTAGCTGGATACC-1	4	CD14+ monocytes
TTTAGCTGTACTCT-1	6	Dendritic cells
TTTAGGCTCCTTTA-1	4	CD14+ monocytes
TTTATCCTGTTGTG-1	2	Monocytes / myeloid cells
TTTCACGAGGTTCA-1	0	T cells
TTTCAGTGGAAGGC-1	3	NK / cytotoxic cells
TTTCAGTGTCACGA-1	1	B cells
TTTCAGTGTCTATC-1	4	CD14+ monocytes
TTTCAGTGTGCAGT-1	1	B cells
TTTCCAGAGGTGAG-1	0	T cells
TTTCGAACACCTGA-1	6	Dendritic cells
TTTCGAACTCTCAT-1	4	CD14+ monocytes
TTTCTACTGAGGCA-1	1	B cells
TTTCTACTTCCTCG-1	1	B cells
TTTGCATGAGAGGC-1	1	B cells
TTTGCATGCCTCAC-1	0	T cells
